{
    "genericError": "Something went wrong, please try again later!",
    "mPin": "M-Pin",
    "fingerPrint": "Fingerprint",
    "username": "Username",
    "hiRahul": "Hi Rahul!",
    "notRahul": "Not you?",
    "accountType": "Account Type",
    "cardType": "Visa Card",
    "cardNo": "4263982640269299",
    "accountDetails": "Account Details",
    "name": "Name",
    "accountNumber": "Account Number",
    "accountBalance": "Account Balance",
    "dlyTxnLimit": "Dly Txn Limit",
    "mobNo": "Enter Mobile Number",
    "benefits": "Benefits Includes",
    "funds": "Fund your account & set MPIN ",
    "benefitText": "Add funds to your account to unlock additional perks before setting up your MPIN",
    "customerID": "Customer ID",
    "ifscCode": "IFSC Code",
    "download": "Download",
    "pleaseEnterMpin": "Please enter your m-pin",
    "forgetMpin": "Forgot M-Pin?",
    "forgetUserPass": "Forgot Username or password?",
    "reqChequeBook": "I would like to request a checkbook",
    "appBarTitleText": "Landing Page",
    "appBarSubTitleText": "Card and Account Summary",
    "loginTitleText": "Log In",
    "passwordHintText": "Password",
    "notAvaialbeText": "N/A",
    "upiHandleTitleText": "UPI handle",
    "viewAccountBalanceText": "View Account Balance",
    "unKnownReasonMessage": "Something went wrong",
    "card1": "Saving Account",
    "card2": "Car Loan",
    "card3": "Personal Account",
    "card4": "Sample Account",
    "scheduleVKYC": "Schedule your VKYC call",
    "pickTimeSlot": "Pick an available time slot",
    "yes": "Yes",
    "no": "No",
    "upi": "UPI",
    "mastercard": "Mastercard",
    "visacard": "Visacard",
    "droppedMidway": "Looks like you dropped \noff midway...",
    "otpSendDescription": "Enter the OTP sent to +91 XXXXXXX298 to continue filling your application",
    "otpSendDescriptionBoldText": "+91 XXXXXXX298",
    "resendOtp": "Resend OTP",
    "back": "Back",
    "submit": "Submit",
    "showOtpDialog": "Show OTP Dialog",
    "demoTitle": "Demo Title",
    "showTermsConditionsDialog": "Show T&C Dialog",
    "beforeWeProceed": "Before we proceed...",
    "termsAndConditions": "I have read and understood all the T&Cs",
    "iAccept": "I accept",
    "verify": "Verify",
    "tag": "TAG",
    "successSnackBar": "Success Snack Bar",
    "pendingSnackBar": "Pending Snack Bar",
    "errorSnackBar": "Error Snack Bar",
    "infoSnackBar": "Info Snack Bar",
    "successNotification": "Success Notification Text!",
    "pendingNotification": "Pending Notification Text!",
    "errorNotification": "Error Notification Text!",
    "infoNotification": "Information Notification Text!",
    "twoLineSNackBarSecond": "Two line Snack Bar Second",
    "supportingSubText": "Supporting sub text",
    "heading": "Heading",
    "closed": "Closed",
    "success": "Success",
    "successful": "Successful",
    "pending": "Pending",
    "failed": "Failed",
    "reject": "Reject",
    "comingSoon": "Coming Soon",
    "newText": "New",
    "title": "Title",
    "subtitle": "Sub Title",
    "videoTitle": "How to open a savings account?",
    "videoSubTitle": "Watch this video to open a savings account from the comfort of your space.",
    "videoTutorials": "Video Tutorials",
    "amount": "amount",
    "fundingAmount": "funding amount",
    "sorryText": "Sorry,",
    "backToHome": "Back to Home",
    "emptyText": "Sorry,",
    "emptyMessage": "Look Like There Nothing is Here",
    "hintText": "Select",
    "comingSoonText": "Coming Soon",
    "employeeId": "Employee Id",
    "errorText": "Field cant be empty",
    "submitText": "Submit",
    "textHeader": "Hello,",
    "textSubHeader": "Neha Shah",
    "cardNumberMasking": "XXXX XXXX XXXX",
    "expiryDateMasking": "XX/XX",
    "cvvMasking": "XXX",
    "cardNumberText": "Card Number",
    "cardExpiryDateText": "Expiry",
    "cardCVVText": "CVV",
    "textSlot": "Pick an available time slot",
    "confirmEmployeeId": "Confirm Employee Id",
    "panNo": "Pan No",
    "mpinErrorMessage": "Pin is invalid",
    "fileUploaderBottomSheetTitle": "File Upload",
    "emptyString": "",
    "photoUploadText": "Click photo",
    "fileUploadText": "Upload file",
    "fileUploaderErrorDismissText": "Dismiss",
    "permissionDenied": "Permission Denied",
    "titleName": "Reference number",
    "subtitleName": "I have read and understood all the T&Cs",
    "saveNext": "Save and Next",
    "customerName": "Raj Shah",
    "cardCVV": "777",
    "expiryMonth": "06",
    "expiryYear": "33",
    "fileUploaderSubtitle": "Maximum size: 1MB (pdf, jpeg)",
    "fileUploaderMessage": "Upload a selfie or profile picture",
    "panNumber": "Pan No",
    "accordianTitle": "Sample Serial Text",
    "accordianContent": "Yes. Different mobile may be used however user should be in possession of the Aadhaar registered mobile and be able to retrieve OTP delivered on Aadhaar registered mobile.",
    "newLogicKey": "Dependency Injection",
    "linkClicked": "Link Clicked",
    "airtel": "Airtel",
    "jio": "Jio",
    "timerText": "You have exhausted all your attempts. Please try again after 7:55 PM on 23rd October.",
    "countryCode": "+91",
    "languageEng": "English",
    "close": "Close",
    "showTemplate": "Show Template",
    "keepingyourmoneysafe": "Keeping your money safe",
    "savingaccount": "Saving Account",
    "selectionRequired": "Selection Required",
    "dropdownLable": "Select one option",
    "asteriskSymbol": "*",
    "titleSubtitleHeading": "Driver’s License",
    "titleSubtitleSubheading": "Valid Indian drivers license is needed",
    "appBar": "AppBar",
    "aadharNumberInputField": "AadharnumberInputField",
    "cardView": "CardView",
    "imagery": "Imagery",
    "circleInitialsTitleSubtitle": "Circle Initials Title Subtitle",
    "slider": "Slider",
    "datePicker": "Date Picker",
    "textField": "TextField",
    "accordian": "Accordian",
    "icons": "Icons",
    "statusType": "Status Type",
    "snackBar": "Snack Bar",
    "dropDown": "Drop Down",
    "emptyState": "Empty State",
    "radio": "Radio",
    "overlayIconTitleSubtitle": "Overlay Icon Title Subtitle",
    "simCard": "Sim Card",
    "popUp": "PopUp",
    "toolTip": "ToolTip",
    "creditCard": "CreditCard",
    "timeSlotCalendar": "Time Slot Calendar",
    "checkbox": "Checkbox",
    "imageContainerList": "Image Container List",
    "tabSwitch": "Tab Switch",
    "imageCarousel": "Image Carousel",
    "titleSubtitle": "Title Subtitle",
    "buttonVariant": "Button Variant",
    "fileUploader": "File Uploader",
    "iconTitleSubtitle": "Icon Title Subtitle",
    "otpDialog": "OTP Dialog",
    "dropDownWidget": "Drop Down Widget",
    "dropDownInputSelector": "DropDown Input Selector",
    "termsCondition": "Terms Condition",
    "hyperlinkText": "Hyperlink Text",
    "iconText": "Icon Text",
    "videoTutorialPage": "Video Tutorial Page",
    "progressIndicator": "Progress Indicator",
    "textWidget": "Text Widget",
    "iconTitleSubCard": "Icon title sub card",
    "overlappingCardCarousel": "Overlapping card carousel",
    "radioTitleSubtitleCard": "Radio Title Subtitle Card",
    "chooseLanguageCard": "Choose Language Card",
    "countryCodeText": "Country Code",
    "overlappingCardImage": "Overlapping Card Image",
    "bottomsheetTemplate": "Bottomsheet Template",
    "verificationOptionCard": "Verification Option Card",
    "notificationWidget": "Notification Widget",
    "profileCard": "Profile Card",
    "suggestedCountries": "Suggested Countries",
    "proceed": "Proceed",
    "timeLeft": "Time Left",
    "hours": "hours",
    "minutes": "minutes",
    "webview": "WebView",
    "cardName": "Platinum",
    "maskedCardNumber": "4536 2596 83••• •••",
    "cardHolderName": "Pratik Patil",
    "maskedAccountNumber": "Acc No: XXXXXXXXXXX2967",
    "noteTxt": "By choosing to continue, you agree to accept all the Terms and Conditions",
    "noteDescription": "By choosing to continue, you agree to accept all the Terms and Conditions",
    "note": "Note: ",
    "tAndC": "Terms and Conditions",
    "errorTxt": "Something went wrong, please try again later!",
    "error": "Error: ",
    "accept": "accept",
    "toolTipMessage": "This is the description of custom tooltip",
    "toggleTxt": "Toggle",
    "productDescription": "Avail a loan upto",
    "paplLoanSuccessMessage": "Congratulations! \n Your Pre-approved loan amount is \n ₹ 13,90,000",
    "paplStatus": "Congratulations!",
    "paplAmount": "₹ 13,90,000",
    "paplBorderText": "Get instant credit without branch visit or physical documentation.",
    "applyNow": "Apply Now",
    "detailProductDescription": "Completely Paperless",
    "detailProductDescription1": "Attractive Interest Rates",
    "detailProductDescription2": "Get a loan in just 5 clicks",
    "detailProductDescription3": "Low processing fees",
    "detailProductDescription4": "Validate Personal Details and Email ID",
    "detailProductDescription5": "Select Requisite Loan Amount and Tenure",
    "detailProductDescription6": "E-sign Terms & Conditions",
    "detailProductDescription7": "Our customers maintaining Salary Package Accounts / Pensioners maintaining their Pension Payment Order (PPO) with our Bank.(Please note that PAPL is an offer to selected customers and will be disbursed after fulfilment of applicable terms & conditions.)",
    "detailProductDescription8": "PAPL is an offer to selected customers and will be disbursed after fulfilment of applicable terms & conditions",
    "ProductDetailDescriptionHeader": "Features",
    "ProductDetailDescriptionHeader1": "Steps to Avail",
    "ProductDetailDescriptionHeader2": "Eligibility",
    "knowMore": "Know more",
    "tutorials": "Tutorials",
    "availableBalance": "available Balance:",
    "balance": "1,00,000/-",
    "kebabMenu": "Kebab Menu",
    "creditcardaccordian": "Credit Card Accordian",
    "branchLocationTitle": "Air Force Station Branch | 11003",
    "branchLocationSubTitle": "A-123, Punjabi Bagh, Transport Colony",
    "sundayAcronym": "Sun",
    "scheduledTimeText": "10:30 AM",
    "addSymbol": "+",
    "substractSymbol": "-",
    "mobilePrepaid": "Mobile Prepaid",
    "upComingEventTextData": "Monthly Payment on 2nd",
    "loanAmountText": "Select Loan Amount",
    "SnackBarLongText": "Lorem ipsum dolor sit amet,conse ctetur adipiscing elit, sed do eiusm od tempor incididunt ut labore et",
    "successSnackBarAction": "Success SnackBar Action",
    "pendingSnackBarAction": "Pending SnackBar Action",
    "errorSnackBarAction": "Error SnackBar Action",
    "infoSnackBarAction": "Info SnackBar Action",
    "successSnackBarDismiss": "Success SnackBar Dismiss",
    "pendingSnackBarDismiss": "Pending SnackBar Dismiss",
    "errorSnackBarDismiss": "Error SnackBar Dismiss",
    "snackBarDismissLabel": "Dismiss",
    "mon": "Mon",
    "tue": "Tue",
    "wed": "Wed",
    "thu": "Thu",
    "fri": "Fri",
    "sat": "Sat",
    "sun": "Sun",
    "jan": "Jan",
    "feb": "Feb",
    "mar": "Mar",
    "apr": "Apr",
    "may": "May",
    "jun": "Jun",
    "jul": "Jul",
    "aug": "Aug",
    "sep": "Sep",
    "oct": "Oct",
    "nov": "Nov",
    "dec": "Dec",
    "january": "January",
    "february": "February",
    "march": "March",
    "april": "April",
    "june": "June",
    "july": "July",
    "august": "August",
    "september": "September",
    "october": "October",
    "november": "November",
    "december": "December",
    "creditcardapplication": "My Credit Card Application",
    "applicationnumber": "Application Number",
    "appliedon": "Applied on",
    "status": "Status",
    "remarks": "Remarks",
    "show": "Show",
    "more": "more",
    "less": "less",
    "termsConditionsTitle": "Terms & Conditions",
    "termsConditionsSubTitle": "Password Logic",
    "PersonalLoan": "Personal Loan",
    "accNumberText": "99876540121",
    "loanAmount": "₹ 6,50,000/-",
    "maskTxt": "Masker eg for ${patternName} pattern.",
    "balanceTxt": "Balance"
}