{
    "genericError": "कुछ गलत हो गया है। कृपया बाद में दोबारा प्रयास करें!",
    "mPin": "एम-पिन",
    "fingerPrint": "अंगुली की छाप",
    "username": "उपयोगकर्ता नाम",
    "hiRahul": "नमस्ते राहुल!",
    "notRahul": "आप नहीं?",
    "accountType": "खाते का प्रकार",
    "cardType": "वीजा कार्ड",
    "cardNo": "4263982640269299",
    "accountDetails": "खाता विवरण",
    "name": "नाम",
    "accountNumber": "खाता संख्या",
    "accountBalance": "खाते में शेष",
    "dlyTxnLimit": "दैनिक लेनदेन सीमा",
    "mobNo": "मोबाइल नंबर",
    "benefits": "लाभ शामिल हैं",
    "funds": "अपने खाते में धनराशि जमा करें और एमपिन सेट करें",
    "benefitText": "अपना एमपिन सेट करने से पहले अतिरिक्त सुविधाएं अनलॉक करने के लिए अपने खाते में धनराशि जोड़ें",
    "customerID": "ग्राहक आईडी",
    "ifscCode": "आईएफएससी कोड",
    "download": "डाउनलोड करना",
    "pleaseEnterMpin": "कृपया अपना एम-पिन दर्ज करें",
    "forgetMpin": "एम-पिन भूल गए?",
    "forgetUserPass": "उपयोक्ता नाम या कूटशब्द भूल गया?",
    "reqChequeBook": "मैं एक चेकबुक का अनुरोध करना चाहूंगा",
    "appBarTitleText": "लैंडिंग पृष्ठ",
    "appBarSubTitleText": "कार्ड और खाता सारांश",
    "loginTitleText": "लॉग इन करें",
    "passwordHintText": "पासवर्ड",
    "notAvaialbeText": "लागू नहीं",
    "upiHandleTitleText": "यूपीआई आईडी",
    "viewAccountBalanceText": "खाता शेष देखें",
    "unKnownReasonMessage": "कुछ गलत हो गया",
    "card1": "बचत खाता",
    "card2": "कार ऋण",
    "card3": "व्यक्तिगत खाता",
    "card4": "नमूना खाता",
    "title": "यह शीर्षक है",
    "subtitle": "यह उपशीर्षक है",
    "scheduleVKYC": "अपना वीकेवाईसी कॉल शेड्यूल करें",
    "pickTimeSlot": "एक उपलब्ध समय स्लॉट चुनें",
    "yes": "हाँ",
    "no": "नहीं",
    "upi": "यू पी आई",
    "mastercard": "Mastercard",
    "visacard": "Visacard",
    "droppedMidway": "लगता है आप बीच रास्ते में ही छूट गए...",
    "videoTitle": "बचत खाता कैसे खोलें?",
    "videoSubTitle": "अपने स्थान पर आराम से बचत खाता खोलने के लिए यह वीडियो देखें।",
    "videoTutorials": "वीडियो शिक्षण",
    "amount": "मात्रा",
    "fundingAmount": "फंडिंग राशि",
    "hintText": "चुनना",
    "employeeId": "Empलोयी आईडी",
    "errorText": "फ़ील्ड खाली नहीं हो सकता",
    "submitText": "जमा करना",
    "textHeader": "नमस्ते,",
    "textSubHeader": "नेहा शाह",
    "cardNumberMasking": "XXXX XXXX XXXX",
    "expiryDateMasking": "XX/XX",
    "cvvMasking": "XXX",
    "cardNumberText": "कार्ड संख्या",
    "cardExpiryDateText": "समाप्ति",
    "cardCVVText": "सीवीवी",
    "panNo": "पैन नंबर",
    "fileUploaderBottomSheetTitle": "फाइल अपलोड",
    "photoUploadText": "फोटो क्लिक करें",
    "fileUploadText": "फ़ाइल अपलोड करें",
    "permissionDenied": "अनुमति नहीं मिली",
    "titleName": "संदर्भ संख्या",
    "saveNext": "सहेजें और अगला",
    "sorryText": "क्षमा मांगना,",
    "backToHome": "घर वापिस",
    "emptyText": "क्षमा मांगना",
    "emptyMessage": "ऐसे देखो जैसे यहाँ कुछ भी नहीं है",
    "comingSoonText": "जल्द आ रहा है",
    "newText": "नया",
    "textSlot": "एक उपलब्ध समय स्लॉट चुनें",
    "confirmEmployeeId": "कर्मचारी आईडी की पुष्टि करें",
    "mpinErrorMessage": "पिन अमान्य है",
    "emptyString": "",
    "fileUploaderErrorDismissText": "नकार देना",
    "subtitleName": "मैंने सभी नियम एवं शर्तें पढ़ और समझ ली हैं",
    "customerName": "राज शाह",
    "cardCVV": "777",
    "expiryMonth": "06",
    "expiryYear": "33",
    "fileUploaderSubtitle": "अधिकतम आकार: 1एमबी (पीडीएफ, जेपीईजी)",
    "fileUploaderMessage": "एक सेल्फी या प्रोफ़ाइल चित्र अपलोड करें",
    "newLogicKey": "डिपेंडेंसी इंजेक्शन",
    "linkClicked": "Link Clicked",
    "otpSendDescription": "अपना आवेदन भरना जारी रखने के लिए +91 XXXXXXX298 पर भेजे गए ओटीपी को दर्ज करें",
    "otpSendDescriptionBoldText": "+91 XXXXXXX298",
    "resendOtp": "ओटीपी पुनः भेजें",
    "back": "पीछे",
    "submit": "जमा करना",
    "showOtpDialog": "ओटीपी डायलॉग दिखाएँ",
    "demoTitle": "डेमो शीर्षक",
    "showTermsConditionsDialog": "नियम एवं शर्तें संवाद दिखाएँ",
    "beforeWeProceed": "इससे पहले कि हम आगे बढ़ें...",
    "termsAndConditions": "मैंने सभी नियम एवं शर्तें पढ़ और समझ ली हैं",
    "iAccept": "मुझे स्वीकार है",
    "verify": "सत्यापित करें",
    "tag": "टैग",
    "successSnackBar": "सक्सेस स्नैक बार",
    "pendingSnackBar": "लंबित स्नैक बार",
    "errorSnackBar": "त्रुटि स्नैक बार",
    "infoSnackBar": "सूचना स्नैक बार",
    "successNotification": "सफलता अधिसूचना पाठ!",
    "pendingNotification": "लंबित अधिसूचना पाठ!",
    "errorNotification": "त्रुटि सूचना पाठ!",
    "infoNotification": "सूचना अधिसूचना पाठ!",
    "twoLineSNackBarSecond": "दो लाइन स्नैक बार दूसरा",
    "supportingSubText": "सहायक उपपाठ",
    "heading": "शीर्षक",
    "closed": "बंद",
    "success": "सफल",
    "pending": "लंबित",
    "reject": "अस्वीकार",
    "comingSoon": "जल्द आ रहा है",
    "panNumber": "पैन नंबर",
    "accordianTitle": "नमूना सीरियल पाठ",
    "accordianContent": "हाँ। अलग-अलग मोबाइल का उपयोग किया जा सकता है, हालांकि उपयोगकर्ता के पास आधार पंजीकृत मोबाइल होना चाहिए और वह आधार पंजीकृत मोबाइल पर दिए गए ओटीपी को पुनः प्राप्त करने में सक्षम होना चाहिए।",
    "airtel": "Airtel",
    "jio": "Jio",
    "timerText": "आपने अपने सभी प्रयासों को विफल कर दिया है। कृपया 23 अक्टूबर को शाम 7:55 बजे के बाद पुन: प्रयास करें.",
    "keepingyourmoneysafe": "अपना पैसा सुरक्षित रखना",
    "savingaccount": "बचत खाता",
    "selectionRequired": "चयन आवश्यक",
    "dropdownLable": "एक विकल्प चुनें",
    "asteriskSymbol": "*",
    "noteTxt": "जारी रखने का चयन करके, आप सभी नियम और शर्तों को स्वीकार करने के लिए सहमत हैं",
    "noteDescription": "जारी रखने का चयन करके, आप सभी नियम और शर्तों को स्वीकार करने के लिए सहमत हैं",
    "note": "ध्यान दें: ",
    "tAndC": "नियम और शर्तों",
    "errorTxt": "कुछ गलत हो गया है। कृपया बाद में दोबारा प्रयास करें!",
    "error": "गलती: ",
    "accept": "स्वीकार",
    "webview": "वेब-दृश्य",
    "upComingEventTextData": "2 तारीख को मासिक भुगतान",
    "snackBarDismissLabel": "नकार देना",
    "mon": "Mon",
    "tue": "Tue",
    "wed": "Wed",
    "thu": "Thu",
    "fri": "Fri",
    "sat": "Sat",
    "sun": "Sun",
    "jan": "जन",
    "feb": "फब",
    "mar": "मार्च",
    "apr": "अप्रै",
    "may": "मई",
    "jun": "जून",
    "jul": "जुल",
    "aug": "अग",
    "sep": "सित",
    "oct": "अक्ट",
    "nov": "नव",
    "dec": "दिस",
    "january": "जनवरी",
    "february": "फरवरी",
    "march": "मार्च",
    "april": "अप्रैल",
    "june": "जून",
    "july": "जुलाई",
    "august": "अगस्त",
    "september": "सितंबर",
    "october": "अक्टूबर",
    "november": "नवंबर",
    "december": "दिसंबर",
    "maskTxt": "मास्कर उदाहरण ${patternName} पैटर्न के लिए"
}