{"v":"4.8.0","meta":{"g":"LottieFiles AE 3.5.4","a":"","k":"","d":"","tc":""},"fr":24,"ip":0,"op":18,"w":50,"h":50,"nm":"Loading animation","ddd":0,"assets":[{"id":"comp_0","layers":[{"ddd":0,"ind":1,"ty":4,"nm":"Shape Layer 13","sr":1,"ks":{"o":{"a":1,"k":[{"i":{"x":[0.667],"y":[1]},"o":{"x":[0.333],"y":[0]},"t":-21,"s":[0]},{"i":{"x":[0.833],"y":[1]},"o":{"x":[0.167],"y":[0]},"t":-4,"s":[100]},{"t":20,"s":[0]}],"ix":11},"r":{"a":0,"k":0,"ix":10},"p":{"a":0,"k":[100.878,99.878,0],"ix":2},"a":{"a":0,"k":[6,13,0],"ix":1},"s":{"a":1,"k":[{"i":{"x":[0.706,0.706,0.706],"y":[0.75,0.75,-19.902]},"o":{"x":[0.301,0.301,0.301],"y":[0,0,0]},"t":-21,"s":[0,0,100]},{"i":{"x":[0.706,0.706,0.706],"y":[1,1,1]},"o":{"x":[0.311,0.311,0.311],"y":[6.248,6.248,5.207]},"t":-4,"s":[100.422,100.422,100]},{"i":{"x":[0.767,0.767,0.767],"y":[1,1,1]},"o":{"x":[0.311,0.311,0.311],"y":[0,0,0]},"t":0,"s":[100.422,100.422,100]},{"t":17,"s":[130,130,100]}],"ix":6}},"ao":0,"shapes":[{"ty":"gr","it":[{"d":1,"ty":"el","s":{"a":0,"k":[149.244,149.244],"ix":2},"p":{"a":0,"k":[0,0],"ix":3},"nm":"Ellipse Path 1","mn":"ADBE Vector Shape - Ellipse","hd":false},{"ty":"st","c":{"a":0,"k":[0.988235294819,0.988235294819,0.988235294819,1],"ix":3},"o":{"a":0,"k":100,"ix":4},"w":{"a":0,"k":6,"ix":5},"lc":1,"lj":1,"ml":4,"bm":0,"nm":"Stroke 1","mn":"ADBE Vector Graphic - Stroke","hd":false},{"ty":"tr","p":{"a":0,"k":[5.163,13.073],"ix":2},"a":{"a":0,"k":[0.041,-0.049],"ix":1},"s":{"a":0,"k":[100,100],"ix":3},"r":{"a":0,"k":0,"ix":6},"o":{"a":0,"k":100,"ix":7},"sk":{"a":0,"k":0,"ix":4},"sa":{"a":0,"k":0,"ix":5},"nm":"Transform"}],"nm":"Ellipse 1","np":3,"cix":2,"bm":0,"ix":1,"mn":"ADBE Vector Group","hd":false}],"ip":-21,"op":147,"st":-21,"bm":0},{"ddd":0,"ind":2,"ty":4,"nm":"Shape Layer 14","sr":1,"ks":{"o":{"a":1,"k":[{"i":{"x":[0.667],"y":[1]},"o":{"x":[0.333],"y":[0]},"t":-1,"s":[0]},{"i":{"x":[0.833],"y":[1]},"o":{"x":[0.167],"y":[0]},"t":18,"s":[100]},{"t":52,"s":[0]}],"ix":11},"r":{"a":0,"k":0,"ix":10},"p":{"a":0,"k":[100.878,99.878,0],"ix":2},"a":{"a":0,"k":[6,13,0],"ix":1},"s":{"a":1,"k":[{"i":{"x":[0.706,0.706,0.706],"y":[0.721,0.721,-22.361]},"o":{"x":[0.301,0.301,0.301],"y":[0,0,0]},"t":-1,"s":[0,0,100]},{"i":{"x":[0.706,0.706,0.706],"y":[1,1,1]},"o":{"x":[0.311,0.311,0.311],"y":[-192742.721,-192742.721,6.508]},"t":18,"s":[100.422,100.422,100]},{"i":{"x":[0.767,0.767,0.767],"y":[1,1,1]},"o":{"x":[0.311,0.311,0.311],"y":[0,0,0]},"t":23,"s":[100.422,100.422,100]},{"t":49,"s":[130,130,100]}],"ix":6}},"ao":0,"shapes":[{"ty":"gr","it":[{"d":1,"ty":"el","s":{"a":0,"k":[149.244,149.244],"ix":2},"p":{"a":0,"k":[0,0],"ix":3},"nm":"Ellipse Path 1","mn":"ADBE Vector Shape - Ellipse","hd":false},{"ty":"st","c":{"a":0,"k":[0.988235294118,0.988235294118,0.988235294118,1],"ix":3},"o":{"a":0,"k":100,"ix":4},"w":{"a":0,"k":6,"ix":5},"lc":1,"lj":1,"ml":4,"bm":0,"nm":"Stroke 1","mn":"ADBE Vector Graphic - Stroke","hd":false},{"ty":"tr","p":{"a":0,"k":[5.163,13.073],"ix":2},"a":{"a":0,"k":[0.041,-0.049],"ix":1},"s":{"a":0,"k":[100,100],"ix":3},"r":{"a":0,"k":0,"ix":6},"o":{"a":0,"k":100,"ix":7},"sk":{"a":0,"k":0,"ix":4},"sa":{"a":0,"k":0,"ix":5},"nm":"Transform"}],"nm":"Ellipse 1","np":3,"cix":2,"bm":0,"ix":1,"mn":"ADBE Vector Group","hd":false}],"ip":-1,"op":167,"st":-1,"bm":0},{"ddd":0,"ind":3,"ty":4,"nm":"Shape Layer 15","sr":1,"ks":{"o":{"a":1,"k":[{"i":{"x":[0.667],"y":[1]},"o":{"x":[0.333],"y":[0]},"t":32,"s":[0]},{"i":{"x":[0.833],"y":[1]},"o":{"x":[0.167],"y":[0]},"t":56,"s":[100]},{"t":85,"s":[0]}],"ix":11},"r":{"a":0,"k":0,"ix":10},"p":{"a":0,"k":[100.878,99.878,0],"ix":2},"a":{"a":0,"k":[6,13,0],"ix":1},"s":{"a":1,"k":[{"i":{"x":[0.706,0.706,0.706],"y":[0.647,0.647,-28.509]},"o":{"x":[0.301,0.301,0.301],"y":[0,0,0]},"t":32,"s":[0,0,100]},{"i":{"x":[0.706,0.706,0.706],"y":[1,1,1]},"o":{"x":[0.311,0.311,0.311],"y":[7.81,7.81,6.508]},"t":56,"s":[100.422,100.422,100]},{"i":{"x":[0.767,0.767,0.767],"y":[1,1,1]},"o":{"x":[0.311,0.311,0.311],"y":[0,0,0]},"t":61,"s":[100.422,100.422,100]},{"t":82,"s":[130,130,100]}],"ix":6}},"ao":0,"shapes":[{"ty":"gr","it":[{"d":1,"ty":"el","s":{"a":0,"k":[149.244,149.244],"ix":2},"p":{"a":0,"k":[0,0],"ix":3},"nm":"Ellipse Path 1","mn":"ADBE Vector Shape - Ellipse","hd":false},{"ty":"st","c":{"a":0,"k":[0.988235294118,0.988235294118,0.988235294118,1],"ix":3},"o":{"a":0,"k":100,"ix":4},"w":{"a":0,"k":3,"ix":5},"lc":1,"lj":1,"ml":4,"bm":0,"nm":"Stroke 1","mn":"ADBE Vector Graphic - Stroke","hd":false},{"ty":"tr","p":{"a":0,"k":[5.163,13.073],"ix":2},"a":{"a":0,"k":[0.041,-0.049],"ix":1},"s":{"a":0,"k":[100,100],"ix":3},"r":{"a":0,"k":0,"ix":6},"o":{"a":0,"k":100,"ix":7},"sk":{"a":0,"k":0,"ix":4},"sa":{"a":0,"k":0,"ix":5},"nm":"Transform"}],"nm":"Ellipse 1","np":3,"cix":2,"bm":0,"ix":1,"mn":"ADBE Vector Group","hd":false}],"ip":32,"op":200,"st":32,"bm":0},{"ddd":0,"ind":4,"ty":4,"nm":"Shape Layer 8","sr":1,"ks":{"o":{"a":1,"k":[{"i":{"x":[0.667],"y":[1]},"o":{"x":[0.333],"y":[0]},"t":59,"s":[0]},{"i":{"x":[0.833],"y":[1]},"o":{"x":[0.167],"y":[0]},"t":83,"s":[100]},{"t":112,"s":[0]}],"ix":11},"r":{"a":0,"k":0,"ix":10},"p":{"a":0,"k":[100.878,99.878,0],"ix":2},"a":{"a":0,"k":[6,13,0],"ix":1},"s":{"a":1,"k":[{"i":{"x":[0.706,0.706,0.706],"y":[0.647,0.647,-28.509]},"o":{"x":[0.301,0.301,0.301],"y":[0,0,0]},"t":59,"s":[0,0,100]},{"i":{"x":[0.706,0.706,0.706],"y":[1,1,1]},"o":{"x":[0.311,0.311,0.311],"y":[7.81,7.81,6.508]},"t":83,"s":[100.422,100.422,100]},{"i":{"x":[0.767,0.767,0.767],"y":[1,1,1]},"o":{"x":[0.311,0.311,0.311],"y":[0,0,0]},"t":88,"s":[100.422,100.422,100]},{"t":109,"s":[130,130,100]}],"ix":6}},"ao":0,"shapes":[{"ty":"gr","it":[{"d":1,"ty":"el","s":{"a":0,"k":[149.244,149.244],"ix":2},"p":{"a":0,"k":[0,0],"ix":3},"nm":"Ellipse Path 1","mn":"ADBE Vector Shape - Ellipse","hd":false},{"ty":"st","c":{"a":0,"k":[0.988235294118,0.988235294118,0.988235294118,1],"ix":3},"o":{"a":0,"k":100,"ix":4},"w":{"a":0,"k":3,"ix":5},"lc":1,"lj":1,"ml":4,"bm":0,"nm":"Stroke 1","mn":"ADBE Vector Graphic - Stroke","hd":false},{"ty":"tr","p":{"a":0,"k":[5.163,13.073],"ix":2},"a":{"a":0,"k":[0.041,-0.049],"ix":1},"s":{"a":0,"k":[100,100],"ix":3},"r":{"a":0,"k":0,"ix":6},"o":{"a":0,"k":100,"ix":7},"sk":{"a":0,"k":0,"ix":4},"sa":{"a":0,"k":0,"ix":5},"nm":"Transform"}],"nm":"Ellipse 1","np":3,"cix":2,"bm":0,"ix":1,"mn":"ADBE Vector Group","hd":false}],"ip":59,"op":227,"st":59,"bm":0}]}],"layers":[{"ddd":0,"ind":2,"ty":0,"nm":"Loading OG Size","refId":"comp_0","sr":1,"ks":{"o":{"a":0,"k":100,"ix":11},"r":{"a":0,"k":0,"ix":10},"p":{"a":0,"k":[25,25,0],"ix":2},"a":{"a":0,"k":[100,100,0],"ix":1},"s":{"a":0,"k":[22,22,100],"ix":6}},"ao":0,"w":200,"h":200,"ip":0,"op":168,"st":0,"bm":0}],"markers":[]}