{"v":"4.8.0","meta":{"g":"LottieFiles AE 3.5.7","a":"","k":"","d":"","tc":""},"fr":25,"ip":1,"op":37,"w":600,"h":49,"nm":"I","assets":[],"layers":[{"ind":1,"ty":4,"nm":"W","sr":1,"ks":{"o":{"a":0,"k":100},"r":{"a":0,"k":0},"p":{"a":0,"k":[329,24.5,0]},"a":{"a":0,"k":[125,125,0]},"s":{"a":0,"k":[31,31,100]}},"ao":0,"shapes":[{"ty":"gr","it":[{"ind":0,"ty":"sh","ks":{"a":0,"k":{"i":[[0,0],[0,0]],"o":[[0,0],[0,0]],"v":[[30.833,99.444],[30.833,154.444]],"c":false}},"nm":"P"},{"ty":"st","c":{"a":0,"k":[0.4,0.392,0.725,1]},"o":{"a":0,"k":100},"w":{"a":0,"k":10},"lc":2,"lj":1,"ml":10,"nm":"S"},{"ty":"tr","p":{"a":0,"k":[0,0]},"a":{"a":0,"k":[0,0]},"s":{"a":0,"k":[100,100]},"r":{"a":0,"k":0},"o":{"a":0,"k":100},"sk":{"a":0,"k":0},"sa":{"a":0,"k":0},"nm":"T"}],"nm":"G"},{"ty":"tm","s":{"a":1,"k":[{"i":{"x":[0.5],"y":[1]},"o":{"x":[0.5],"y":[0]},"t":-2,"s":[20]},{"i":{"x":[0.5],"y":[1]},"o":{"x":[0.5],"y":[0]},"t":8.854,"s":[0]},{"i":{"x":[0.5],"y":[1]},"o":{"x":[0.5],"y":[0]},"t":17.196,"s":[20]},{"i":{"x":[0.5],"y":[1]},"o":{"x":[0.5],"y":[0]},"t":25.537,"s":[0]},{"t":37,"s":[20]}]},"e":{"a":1,"k":[{"i":{"x":[0.667],"y":[1]},"o":{"x":[0.333],"y":[0]},"t":-2,"s":[80]},{"i":{"x":[0.667],"y":[1]},"o":{"x":[0.333],"y":[0]},"t":8.854,"s":[100]},{"i":{"x":[0.667],"y":[1]},"o":{"x":[0.333],"y":[0]},"t":17.196,"s":[80]},{"i":{"x":[0.667],"y":[1]},"o":{"x":[0.333],"y":[0]},"t":25.537,"s":[100]},{"t":37,"s":[80]}]},"o":{"a":0,"k":0},"m":1,"nm":"T"}],"ip":0,"op":37,"st":-12},{"ind":2,"ty":4,"nm":"W","sr":1,"ks":{"o":{"a":0,"k":100},"r":{"a":0,"k":0},"p":{"a":0,"k":[329,24.5,0]},"a":{"a":0,"k":[125,125,0]},"s":{"a":0,"k":[31,31,100]}},"ao":0,"shapes":[{"ty":"gr","it":[{"ind":0,"ty":"sh","ks":{"a":0,"k":{"i":[[0,0],[0,0]],"o":[[0,0],[0,0]],"v":[[71.033,73.444],[71.033,180.444]],"c":false}},"nm":"P"},{"ty":"st","c":{"a":0,"k":[0.4,0.392,0.725,1]},"o":{"a":0,"k":100},"w":{"a":0,"k":10},"lc":2,"lj":1,"ml":10,"nm":"S"},{"ty":"tr","p":{"a":0,"k":[0,0]},"a":{"a":0,"k":[0,0]},"s":{"a":0,"k":[100,100]},"r":{"a":0,"k":0},"o":{"a":0,"k":100},"sk":{"a":0,"k":0},"sa":{"a":0,"k":0},"nm":"T"}],"nm":"G"},{"ty":"tm","s":{"a":1,"k":[{"i":{"x":[0.5],"y":[1]},"o":{"x":[0.5],"y":[0]},"t":-2,"s":[0]},{"i":{"x":[0.5],"y":[1]},"o":{"x":[0.5],"y":[0]},"t":13.025,"s":[30]},{"i":{"x":[0.5],"y":[1]},"o":{"x":[0.5],"y":[0]},"t":21.367,"s":[0]},{"i":{"x":[0.5],"y":[1]},"o":{"x":[0.5],"y":[0]},"t":29.708,"s":[30]},{"t":37,"s":[0]}]},"e":{"a":1,"k":[{"i":{"x":[0.667],"y":[1]},"o":{"x":[0.333],"y":[0]},"t":-2,"s":[100]},{"i":{"x":[0.667],"y":[1]},"o":{"x":[0.333],"y":[0]},"t":13.025,"s":[70]},{"i":{"x":[0.667],"y":[1]},"o":{"x":[0.333],"y":[0]},"t":21.367,"s":[100]},{"i":{"x":[0.667],"y":[1]},"o":{"x":[0.333],"y":[0]},"t":29.708,"s":[70]},{"t":37,"s":[100]}]},"o":{"a":0,"k":0},"m":1,"nm":"T"}],"ip":0,"op":37,"st":-12},{"ind":3,"ty":4,"nm":"W","sr":1,"ks":{"o":{"a":0,"k":100},"r":{"a":0,"k":0},"p":{"a":0,"k":[329,24.5,0]},"a":{"a":0,"k":[125,125,0]},"s":{"a":0,"k":[31,31,100]}},"ao":0,"shapes":[{"ty":"gr","it":[{"ind":0,"ty":"sh","ks":{"a":0,"k":{"i":[[0,0],[0,0]],"o":[[0,0],[0,0]],"v":[[111.233,51.944],[111.233,201.944]],"c":false}},"nm":"P"},{"ty":"st","c":{"a":0,"k":[0.4,0.392,0.725,1]},"o":{"a":0,"k":100},"w":{"a":0,"k":10},"lc":2,"lj":1,"ml":10,"nm":"S"},{"ty":"tr","p":{"a":0,"k":[0,0]},"a":{"a":0,"k":[0,0]},"s":{"a":0,"k":[100,100]},"r":{"a":0,"k":0},"o":{"a":0,"k":100},"sk":{"a":0,"k":0},"sa":{"a":0,"k":0},"nm":"T"}],"nm":"G"},{"ty":"tm","s":{"a":1,"k":[{"i":{"x":[0.5],"y":[1]},"o":{"x":[0.5],"y":[0]},"t":-2,"s":[0]},{"i":{"x":[0.5],"y":[1]},"o":{"x":[0.5],"y":[0]},"t":8.854,"s":[30]},{"i":{"x":[0.5],"y":[1]},"o":{"x":[0.5],"y":[0]},"t":17.196,"s":[0]},{"i":{"x":[0.5],"y":[1]},"o":{"x":[0.5],"y":[0]},"t":25.537,"s":[30]},{"t":37,"s":[0]}]},"e":{"a":1,"k":[{"i":{"x":[0.667],"y":[1]},"o":{"x":[0.333],"y":[0]},"t":-2,"s":[100]},{"i":{"x":[0.667],"y":[1]},"o":{"x":[0.333],"y":[0]},"t":8.854,"s":[70]},{"i":{"x":[0.667],"y":[1]},"o":{"x":[0.333],"y":[0]},"t":17.196,"s":[100]},{"i":{"x":[0.667],"y":[1]},"o":{"x":[0.333],"y":[0]},"t":25.537,"s":[70]},{"t":37,"s":[100]}]},"o":{"a":0,"k":0},"m":1,"nm":"T"}],"ip":0,"op":37,"st":-12},{"ind":4,"ty":4,"nm":"W","sr":1,"ks":{"o":{"a":0,"k":100},"r":{"a":0,"k":0},"p":{"a":0,"k":[329,24.5,0]},"a":{"a":0,"k":[125,125,0]},"s":{"a":0,"k":[31,31,100]}},"ao":0,"shapes":[{"ty":"gr","it":[{"ind":0,"ty":"sh","ks":{"a":0,"k":{"i":[[0,0],[0,0]],"o":[[0,0],[0,0]],"v":[[151.434,98.528],[151.434,155.361]],"c":false}},"nm":"P"},{"ty":"st","c":{"a":0,"k":[0.4,0.392,0.725,1]},"o":{"a":0,"k":100},"w":{"a":0,"k":10},"lc":2,"lj":1,"ml":10,"nm":"S"},{"ty":"tr","p":{"a":0,"k":[0,0]},"a":{"a":0,"k":[0,0]},"s":{"a":0,"k":[100,100]},"r":{"a":0,"k":0},"o":{"a":0,"k":100},"sk":{"a":0,"k":0},"sa":{"a":0,"k":0},"nm":"T"}],"nm":"G"},{"ty":"tm","s":{"a":1,"k":[{"i":{"x":[0.5],"y":[1]},"o":{"x":[0.5],"y":[0]},"t":-2,"s":[0]},{"i":{"x":[0.5],"y":[1]},"o":{"x":[0.5],"y":[0]},"t":4.684,"s":[30]},{"i":{"x":[0.5],"y":[1]},"o":{"x":[0.5],"y":[0]},"t":13.025,"s":[0]},{"i":{"x":[0.5],"y":[1]},"o":{"x":[0.5],"y":[0]},"t":21.367,"s":[30]},{"t":37,"s":[0]}]},"e":{"a":1,"k":[{"i":{"x":[0.667],"y":[1]},"o":{"x":[0.333],"y":[0]},"t":-2,"s":[100]},{"i":{"x":[0.667],"y":[1]},"o":{"x":[0.333],"y":[0]},"t":4.684,"s":[70]},{"i":{"x":[0.667],"y":[1]},"o":{"x":[0.333],"y":[0]},"t":13.025,"s":[100]},{"i":{"x":[0.667],"y":[1]},"o":{"x":[0.333],"y":[0]},"t":21.367,"s":[70]},{"t":37,"s":[100]}]},"o":{"a":0,"k":0},"m":1,"nm":"T"}],"ip":0,"op":37,"st":-12},{"ind":5,"ty":4,"nm":"W","sr":1,"ks":{"o":{"a":0,"k":100},"r":{"a":0,"k":0},"p":{"a":0,"k":[329,24.5,0]},"a":{"a":0,"k":[125,125,0]},"s":{"a":0,"k":[31,31,100]}},"ao":0,"shapes":[{"ty":"gr","it":[{"ind":0,"ty":"sh","ks":{"a":0,"k":{"i":[[0,0],[0,0]],"o":[[0,0],[0,0]],"v":[[191.634,84.944],[191.634,168.944]],"c":false}},"nm":"P"},{"ty":"st","c":{"a":0,"k":[0.4,0.392,0.725,1]},"o":{"a":0,"k":100},"w":{"a":0,"k":10},"lc":2,"lj":1,"ml":10,"nm":"S"},{"ty":"tr","p":{"a":0,"k":[0,0]},"a":{"a":0,"k":[0,0]},"s":{"a":0,"k":[100,100]},"r":{"a":0,"k":0},"o":{"a":0,"k":100},"sk":{"a":0,"k":0},"sa":{"a":0,"k":0},"nm":"T"}],"nm":"G"},{"ty":"tm","s":{"a":1,"k":[{"i":{"x":[0.5],"y":[1]},"o":{"x":[0.5],"y":[0]},"t":-2,"s":[30]},{"i":{"x":[0.5],"y":[1]},"o":{"x":[0.5],"y":[0]},"t":13.025,"s":[0]},{"i":{"x":[0.5],"y":[1]},"o":{"x":[0.5],"y":[0]},"t":21.367,"s":[30]},{"i":{"x":[0.5],"y":[1]},"o":{"x":[0.5],"y":[0]},"t":29.708,"s":[0]},{"t":37,"s":[30]}]},"e":{"a":1,"k":[{"i":{"x":[0.667],"y":[1]},"o":{"x":[0.333],"y":[0]},"t":-2,"s":[70]},{"i":{"x":[0.667],"y":[1]},"o":{"x":[0.333],"y":[0]},"t":13.025,"s":[100]},{"i":{"x":[0.667],"y":[1]},"o":{"x":[0.333],"y":[0]},"t":21.367,"s":[70]},{"i":{"x":[0.667],"y":[1]},"o":{"x":[0.333],"y":[0]},"t":29.708,"s":[100]},{"t":37,"s":[70]}]},"o":{"a":0,"k":0},"m":1,"nm":"T"}],"ip":0,"op":37,"st":-12},{"ind":6,"ty":4,"nm":"W","sr":1,"ks":{"o":{"a":0,"k":100},"r":{"a":0,"k":0},"p":{"a":0,"k":[329,24.5,0]},"a":{"a":0,"k":[125,125,0]},"s":{"a":0,"k":[31,31,100]}},"ao":0,"shapes":[{"ty":"gr","it":[{"ind":0,"ty":"sh","ks":{"a":0,"k":{"i":[[0,0],[0,0]],"o":[[0,0],[0,0]],"v":[[231.833,108.944],[231.833,144.944]],"c":false}},"nm":"P"},{"ty":"st","c":{"a":0,"k":[0.4,0.392,0.725,1]},"o":{"a":0,"k":100},"w":{"a":0,"k":10},"lc":2,"lj":1,"ml":10,"nm":"S"},{"ty":"tr","p":{"a":0,"k":[0,0]},"a":{"a":0,"k":[0,0]},"s":{"a":0,"k":[100,100]},"r":{"a":0,"k":0},"o":{"a":0,"k":100},"sk":{"a":0,"k":0},"sa":{"a":0,"k":0},"nm":"T"}],"nm":"G"},{"ty":"tm","s":{"a":1,"k":[{"i":{"x":[0.5],"y":[1]},"o":{"x":[0.5],"y":[0]},"t":-2,"s":[30]},{"i":{"x":[0.5],"y":[1]},"o":{"x":[0.5],"y":[0]},"t":4.684,"s":[0]},{"i":{"x":[0.5],"y":[1]},"o":{"x":[0.5],"y":[0]},"t":13.025,"s":[30]},{"i":{"x":[0.5],"y":[1]},"o":{"x":[0.5],"y":[0]},"t":21.367,"s":[0]},{"t":37,"s":[30]}]},"e":{"a":1,"k":[{"i":{"x":[0.667],"y":[1]},"o":{"x":[0.333],"y":[0]},"t":-2,"s":[70]},{"i":{"x":[0.667],"y":[1]},"o":{"x":[0.333],"y":[0]},"t":4.684,"s":[100]},{"i":{"x":[0.667],"y":[1]},"o":{"x":[0.333],"y":[0]},"t":13.025,"s":[70]},{"i":{"x":[0.667],"y":[1]},"o":{"x":[0.333],"y":[0]},"t":21.367,"s":[100]},{"t":37,"s":[70]}]},"o":{"a":0,"k":0},"m":1,"nm":"T"}],"ip":0,"op":37,"st":-12},{"ind":7,"ty":4,"nm":"W","sr":1,"ks":{"o":{"a":0,"k":100},"r":{"a":0,"k":0},"p":{"a":0,"k":[409,24.5,0]},"a":{"a":0,"k":[125,125,0]},"s":{"a":0,"k":[31,31,100]}},"ao":0,"shapes":[{"ty":"gr","it":[{"ind":0,"ty":"sh","ks":{"a":0,"k":{"i":[[0,0],[0,0]],"o":[[0,0],[0,0]],"v":[[30.833,99.444],[30.833,154.444]],"c":false}},"nm":"P"},{"ty":"st","c":{"a":0,"k":[0.4,0.392,0.725,1]},"o":{"a":0,"k":100},"w":{"a":0,"k":10},"lc":2,"lj":1,"ml":10,"nm":"S"},{"ty":"tr","p":{"a":0,"k":[0,0]},"a":{"a":0,"k":[0,0]},"s":{"a":0,"k":[100,100]},"r":{"a":0,"k":0},"o":{"a":0,"k":100},"sk":{"a":0,"k":0},"sa":{"a":0,"k":0},"nm":"T"}],"nm":"G"},{"ty":"tm","s":{"a":1,"k":[{"i":{"x":[0.5],"y":[1]},"o":{"x":[0.5],"y":[0]},"t":-2,"s":[20]},{"i":{"x":[0.5],"y":[1]},"o":{"x":[0.5],"y":[0]},"t":8.854,"s":[0]},{"i":{"x":[0.5],"y":[1]},"o":{"x":[0.5],"y":[0]},"t":17.196,"s":[20]},{"i":{"x":[0.5],"y":[1]},"o":{"x":[0.5],"y":[0]},"t":25.537,"s":[0]},{"t":37,"s":[20]}]},"e":{"a":1,"k":[{"i":{"x":[0.667],"y":[1]},"o":{"x":[0.333],"y":[0]},"t":-2,"s":[80]},{"i":{"x":[0.667],"y":[1]},"o":{"x":[0.333],"y":[0]},"t":8.854,"s":[100]},{"i":{"x":[0.667],"y":[1]},"o":{"x":[0.333],"y":[0]},"t":17.196,"s":[80]},{"i":{"x":[0.667],"y":[1]},"o":{"x":[0.333],"y":[0]},"t":25.537,"s":[100]},{"t":37,"s":[80]}]},"o":{"a":0,"k":0},"m":1,"nm":"T"}],"ip":0,"op":37,"st":-12},{"ind":8,"ty":4,"nm":"W","sr":1,"ks":{"o":{"a":0,"k":100},"r":{"a":0,"k":0},"p":{"a":0,"k":[409,24.5,0]},"a":{"a":0,"k":[125,125,0]},"s":{"a":0,"k":[31,31,100]}},"ao":0,"shapes":[{"ty":"gr","it":[{"ind":0,"ty":"sh","ks":{"a":0,"k":{"i":[[0,0],[0,0]],"o":[[0,0],[0,0]],"v":[[71.033,73.444],[71.033,180.444]],"c":false}},"nm":"P"},{"ty":"st","c":{"a":0,"k":[0.4,0.392,0.725,1]},"o":{"a":0,"k":100},"w":{"a":0,"k":10},"lc":2,"lj":1,"ml":10,"nm":"S"},{"ty":"tr","p":{"a":0,"k":[0,0]},"a":{"a":0,"k":[0,0]},"s":{"a":0,"k":[100,100]},"r":{"a":0,"k":0},"o":{"a":0,"k":100},"sk":{"a":0,"k":0},"sa":{"a":0,"k":0},"nm":"T"}],"nm":"G"},{"ty":"tm","s":{"a":1,"k":[{"i":{"x":[0.5],"y":[1]},"o":{"x":[0.5],"y":[0]},"t":-2,"s":[0]},{"i":{"x":[0.5],"y":[1]},"o":{"x":[0.5],"y":[0]},"t":13.025,"s":[30]},{"i":{"x":[0.5],"y":[1]},"o":{"x":[0.5],"y":[0]},"t":21.367,"s":[0]},{"i":{"x":[0.5],"y":[1]},"o":{"x":[0.5],"y":[0]},"t":29.708,"s":[30]},{"t":37,"s":[0]}]},"e":{"a":1,"k":[{"i":{"x":[0.667],"y":[1]},"o":{"x":[0.333],"y":[0]},"t":-2,"s":[100]},{"i":{"x":[0.667],"y":[1]},"o":{"x":[0.333],"y":[0]},"t":13.025,"s":[70]},{"i":{"x":[0.667],"y":[1]},"o":{"x":[0.333],"y":[0]},"t":21.367,"s":[100]},{"i":{"x":[0.667],"y":[1]},"o":{"x":[0.333],"y":[0]},"t":29.708,"s":[70]},{"t":37,"s":[100]}]},"o":{"a":0,"k":0},"m":1,"nm":"T"}],"ip":0,"op":37,"st":-12},{"ind":9,"ty":4,"nm":"W","sr":1,"ks":{"o":{"a":0,"k":100},"r":{"a":0,"k":0},"p":{"a":0,"k":[409,24.5,0]},"a":{"a":0,"k":[125,125,0]},"s":{"a":0,"k":[31,31,100]}},"ao":0,"shapes":[{"ty":"gr","it":[{"ind":0,"ty":"sh","ks":{"a":0,"k":{"i":[[0,0],[0,0]],"o":[[0,0],[0,0]],"v":[[111.233,51.944],[111.233,201.944]],"c":false}},"nm":"P"},{"ty":"st","c":{"a":0,"k":[0.4,0.392,0.725,1]},"o":{"a":0,"k":100},"w":{"a":0,"k":10},"lc":2,"lj":1,"ml":10,"nm":"S"},{"ty":"tr","p":{"a":0,"k":[0,0]},"a":{"a":0,"k":[0,0]},"s":{"a":0,"k":[100,100]},"r":{"a":0,"k":0},"o":{"a":0,"k":100},"sk":{"a":0,"k":0},"sa":{"a":0,"k":0},"nm":"T"}],"nm":"G"},{"ty":"tm","s":{"a":1,"k":[{"i":{"x":[0.5],"y":[1]},"o":{"x":[0.5],"y":[0]},"t":-2,"s":[0]},{"i":{"x":[0.5],"y":[1]},"o":{"x":[0.5],"y":[0]},"t":10,"s":[30]},{"i":{"x":[0.5],"y":[1]},"o":{"x":[0.5],"y":[0]},"t":15,"s":[0]},{"i":{"x":[0.5],"y":[1]},"o":{"x":[0.5],"y":[0]},"t":23.341,"s":[30]},{"t":37,"s":[0]}]},"e":{"a":1,"k":[{"i":{"x":[0.667],"y":[1]},"o":{"x":[0.333],"y":[0]},"t":-2,"s":[100]},{"i":{"x":[0.667],"y":[1]},"o":{"x":[0.333],"y":[0]},"t":10,"s":[70]},{"i":{"x":[0.667],"y":[1]},"o":{"x":[0.333],"y":[0]},"t":15,"s":[73]},{"i":{"x":[0.667],"y":[1]},"o":{"x":[0.333],"y":[0]},"t":23.341,"s":[70]},{"t":37,"s":[100]}]},"o":{"a":0,"k":0},"m":1,"nm":"T"}],"ip":0,"op":37,"st":-12},{"ind":10,"ty":4,"nm":"W","sr":1,"ks":{"o":{"a":0,"k":100},"r":{"a":0,"k":0},"p":{"a":0,"k":[409,24.5,0]},"a":{"a":0,"k":[125,125,0]},"s":{"a":0,"k":[31,31,100]}},"ao":0,"shapes":[{"ty":"gr","it":[{"ind":0,"ty":"sh","ks":{"a":0,"k":{"i":[[0,0],[0,0]],"o":[[0,0],[0,0]],"v":[[151.434,98.528],[151.434,155.361]],"c":false}},"nm":"P"},{"ty":"st","c":{"a":0,"k":[0.4,0.392,0.725,1]},"o":{"a":0,"k":100},"w":{"a":0,"k":10},"lc":2,"lj":1,"ml":10,"nm":"S"},{"ty":"tr","p":{"a":0,"k":[0,0]},"a":{"a":0,"k":[0,0]},"s":{"a":0,"k":[100,100]},"r":{"a":0,"k":0},"o":{"a":0,"k":100},"sk":{"a":0,"k":0},"sa":{"a":0,"k":0},"nm":"T"}],"nm":"G"},{"ty":"tm","s":{"a":1,"k":[{"i":{"x":[0.5],"y":[1]},"o":{"x":[0.5],"y":[0]},"t":-2,"s":[0]},{"i":{"x":[0.5],"y":[1]},"o":{"x":[0.5],"y":[0]},"t":4.684,"s":[30]},{"i":{"x":[0.5],"y":[1]},"o":{"x":[0.5],"y":[0]},"t":13.025,"s":[0]},{"i":{"x":[0.5],"y":[1]},"o":{"x":[0.5],"y":[0]},"t":21.367,"s":[30]},{"t":37,"s":[0]}]},"e":{"a":1,"k":[{"i":{"x":[0.667],"y":[1]},"o":{"x":[0.333],"y":[0]},"t":-2,"s":[100]},{"i":{"x":[0.667],"y":[1]},"o":{"x":[0.333],"y":[0]},"t":4.684,"s":[70]},{"i":{"x":[0.667],"y":[1]},"o":{"x":[0.333],"y":[0]},"t":13.025,"s":[100]},{"i":{"x":[0.667],"y":[1]},"o":{"x":[0.333],"y":[0]},"t":21.367,"s":[70]},{"t":37,"s":[100]}]},"o":{"a":0,"k":0},"m":1,"nm":"T"}],"ip":0,"op":37,"st":-12},{"ind":11,"ty":4,"nm":"W","sr":1,"ks":{"o":{"a":0,"k":100},"r":{"a":0,"k":0},"p":{"a":0,"k":[409,24.5,0]},"a":{"a":0,"k":[125,125,0]},"s":{"a":0,"k":[31,31,100]}},"ao":0,"shapes":[{"ty":"gr","it":[{"ind":0,"ty":"sh","ks":{"a":0,"k":{"i":[[0,0],[0,0]],"o":[[0,0],[0,0]],"v":[[191.634,84.944],[191.634,168.944]],"c":false}},"nm":"P"},{"ty":"st","c":{"a":0,"k":[0.4,0.392,0.725,1]},"o":{"a":0,"k":100},"w":{"a":0,"k":10},"lc":2,"lj":1,"ml":10,"nm":"S"},{"ty":"tr","p":{"a":0,"k":[0,0]},"a":{"a":0,"k":[0,0]},"s":{"a":0,"k":[100,100]},"r":{"a":0,"k":0},"o":{"a":0,"k":100},"sk":{"a":0,"k":0},"sa":{"a":0,"k":0},"nm":"T"}],"nm":"G"},{"ty":"tm","s":{"a":1,"k":[{"i":{"x":[0.5],"y":[1]},"o":{"x":[0.5],"y":[0]},"t":-2,"s":[30]},{"i":{"x":[0.5],"y":[1]},"o":{"x":[0.5],"y":[0]},"t":13.025,"s":[0]},{"i":{"x":[0.5],"y":[1]},"o":{"x":[0.5],"y":[0]},"t":21.367,"s":[30]},{"i":{"x":[0.5],"y":[1]},"o":{"x":[0.5],"y":[0]},"t":29.708,"s":[0]},{"t":37,"s":[30]}]},"e":{"a":1,"k":[{"i":{"x":[0.667],"y":[1]},"o":{"x":[0.333],"y":[0]},"t":-2,"s":[70]},{"i":{"x":[0.667],"y":[1]},"o":{"x":[0.333],"y":[0]},"t":13.025,"s":[100]},{"i":{"x":[0.667],"y":[1]},"o":{"x":[0.333],"y":[0]},"t":21.367,"s":[70]},{"i":{"x":[0.667],"y":[1]},"o":{"x":[0.333],"y":[0]},"t":29.708,"s":[100]},{"t":37,"s":[70]}]},"o":{"a":0,"k":0},"m":1,"nm":"T"}],"ip":0,"op":37,"st":-12},{"ind":12,"ty":4,"nm":"W","sr":1,"ks":{"o":{"a":0,"k":100},"r":{"a":0,"k":0},"p":{"a":0,"k":[409,24.5,0]},"a":{"a":0,"k":[125,125,0]},"s":{"a":0,"k":[31,31,100]}},"ao":0,"shapes":[{"ty":"gr","it":[{"ind":0,"ty":"sh","ks":{"a":0,"k":{"i":[[0,0],[0,0]],"o":[[0,0],[0,0]],"v":[[231.833,108.944],[231.833,144.944]],"c":false}},"nm":"P"},{"ty":"st","c":{"a":0,"k":[0.4,0.392,0.725,1]},"o":{"a":0,"k":100},"w":{"a":0,"k":10},"lc":2,"lj":1,"ml":10,"nm":"S"},{"ty":"tr","p":{"a":0,"k":[0,0]},"a":{"a":0,"k":[0,0]},"s":{"a":0,"k":[100,100]},"r":{"a":0,"k":0},"o":{"a":0,"k":100},"sk":{"a":0,"k":0},"sa":{"a":0,"k":0},"nm":"T"}],"nm":"G"},{"ty":"tm","s":{"a":1,"k":[{"i":{"x":[0.5],"y":[1]},"o":{"x":[0.5],"y":[0]},"t":-2,"s":[30]},{"i":{"x":[0.5],"y":[1]},"o":{"x":[0.5],"y":[0]},"t":4.684,"s":[0]},{"i":{"x":[0.5],"y":[1]},"o":{"x":[0.5],"y":[0]},"t":13.025,"s":[30]},{"i":{"x":[0.5],"y":[1]},"o":{"x":[0.5],"y":[0]},"t":21.367,"s":[0]},{"t":37,"s":[30]}]},"e":{"a":1,"k":[{"i":{"x":[0.667],"y":[1]},"o":{"x":[0.333],"y":[0]},"t":-2,"s":[70]},{"i":{"x":[0.667],"y":[1]},"o":{"x":[0.333],"y":[0]},"t":4.684,"s":[100]},{"i":{"x":[0.667],"y":[1]},"o":{"x":[0.333],"y":[0]},"t":13.025,"s":[70]},{"i":{"x":[0.667],"y":[1]},"o":{"x":[0.333],"y":[0]},"t":21.367,"s":[100]},{"t":37,"s":[70]}]},"o":{"a":0,"k":0},"m":1,"nm":"T"}],"ip":0,"op":37,"st":-12},{"ind":13,"ty":4,"nm":"W","sr":1,"ks":{"o":{"a":0,"k":100},"r":{"a":0,"k":0},"p":{"a":0,"k":[171,24.5,0]},"a":{"a":0,"k":[125,125,0]},"s":{"a":0,"k":[31,31,100]}},"ao":0,"shapes":[{"ty":"gr","it":[{"ind":0,"ty":"sh","ks":{"a":0,"k":{"i":[[0,0],[0,0]],"o":[[0,0],[0,0]],"v":[[30.833,99.444],[30.833,154.444]],"c":false}},"nm":"P"},{"ty":"st","c":{"a":0,"k":[0.4,0.392,0.725,1]},"o":{"a":0,"k":100},"w":{"a":0,"k":10},"lc":2,"lj":1,"ml":10,"nm":"S"},{"ty":"tr","p":{"a":0,"k":[0,0]},"a":{"a":0,"k":[0,0]},"s":{"a":0,"k":[100,100]},"r":{"a":0,"k":0},"o":{"a":0,"k":100},"sk":{"a":0,"k":0},"sa":{"a":0,"k":0},"nm":"T"}],"nm":"G"},{"ty":"tm","s":{"a":1,"k":[{"i":{"x":[0.5],"y":[1]},"o":{"x":[0.5],"y":[0]},"t":1,"s":[20]},{"i":{"x":[0.5],"y":[1]},"o":{"x":[0.5],"y":[0]},"t":11.854,"s":[0]},{"i":{"x":[0.5],"y":[1]},"o":{"x":[0.5],"y":[0]},"t":20.196,"s":[20]},{"i":{"x":[0.5],"y":[1]},"o":{"x":[0.5],"y":[0]},"t":28.537,"s":[0]},{"t":37,"s":[20]}]},"e":{"a":1,"k":[{"i":{"x":[0.667],"y":[1]},"o":{"x":[0.333],"y":[0]},"t":-2,"s":[80]},{"i":{"x":[0.667],"y":[1]},"o":{"x":[0.333],"y":[0]},"t":11.854,"s":[100]},{"i":{"x":[0.667],"y":[1]},"o":{"x":[0.333],"y":[0]},"t":20.196,"s":[80]},{"i":{"x":[0.667],"y":[1]},"o":{"x":[0.333],"y":[0]},"t":28.537,"s":[100]},{"t":37,"s":[80]}]},"o":{"a":0,"k":0},"m":1,"nm":"T"}],"ip":0,"op":37,"st":-12},{"ind":14,"ty":4,"nm":"W","sr":1,"ks":{"o":{"a":0,"k":100},"r":{"a":0,"k":0},"p":{"a":0,"k":[171,24.5,0]},"a":{"a":0,"k":[125,125,0]},"s":{"a":0,"k":[31,31,100]}},"ao":0,"shapes":[{"ty":"gr","it":[{"ind":0,"ty":"sh","ks":{"a":0,"k":{"i":[[0,0],[0,0]],"o":[[0,0],[0,0]],"v":[[71.033,73.444],[71.033,180.444]],"c":false}},"nm":"P"},{"ty":"st","c":{"a":0,"k":[0.4,0.392,0.725,1]},"o":{"a":0,"k":100},"w":{"a":0,"k":10},"lc":2,"lj":1,"ml":10,"nm":"S"},{"ty":"tr","p":{"a":0,"k":[0,0]},"a":{"a":0,"k":[0,0]},"s":{"a":0,"k":[100,100]},"r":{"a":0,"k":0},"o":{"a":0,"k":100},"sk":{"a":0,"k":0},"sa":{"a":0,"k":0},"nm":"T"}],"nm":"G"},{"ty":"tm","s":{"a":1,"k":[{"i":{"x":[0.5],"y":[1]},"o":{"x":[0.5],"y":[0]},"t":-2,"s":[0]},{"i":{"x":[0.5],"y":[1]},"o":{"x":[0.5],"y":[0]},"t":16.025,"s":[30]},{"i":{"x":[0.5],"y":[1]},"o":{"x":[0.5],"y":[0]},"t":24.367,"s":[0]},{"i":{"x":[0.5],"y":[1]},"o":{"x":[0.5],"y":[0]},"t":32.708,"s":[30]},{"t":37,"s":[0]}]},"e":{"a":1,"k":[{"i":{"x":[0.667],"y":[1]},"o":{"x":[0.333],"y":[0]},"t":-2,"s":[100]},{"i":{"x":[0.667],"y":[1]},"o":{"x":[0.333],"y":[0]},"t":16.025,"s":[70]},{"i":{"x":[0.667],"y":[1]},"o":{"x":[0.333],"y":[0]},"t":24.367,"s":[100]},{"i":{"x":[0.667],"y":[1]},"o":{"x":[0.333],"y":[0]},"t":32.708,"s":[70]},{"t":37,"s":[100]}]},"o":{"a":0,"k":0},"m":1,"nm":"T"}],"ip":0,"op":37,"st":-12},{"ind":15,"ty":4,"nm":"W","sr":1,"ks":{"o":{"a":0,"k":100},"r":{"a":0,"k":0},"p":{"a":0,"k":[171,24.5,0]},"a":{"a":0,"k":[125,125,0]},"s":{"a":0,"k":[31,31,100]}},"ao":0,"shapes":[{"ty":"gr","it":[{"ind":0,"ty":"sh","ks":{"a":0,"k":{"i":[[0,0],[0,0]],"o":[[0,0],[0,0]],"v":[[111.233,51.944],[111.233,201.944]],"c":false}},"nm":"P"},{"ty":"st","c":{"a":0,"k":[0.4,0.392,0.725,1]},"o":{"a":0,"k":100},"w":{"a":0,"k":10},"lc":2,"lj":1,"ml":10,"nm":"S"},{"ty":"tr","p":{"a":0,"k":[0,0]},"a":{"a":0,"k":[0,0]},"s":{"a":0,"k":[100,100]},"r":{"a":0,"k":0},"o":{"a":0,"k":100},"sk":{"a":0,"k":0},"sa":{"a":0,"k":0},"nm":"T"}],"nm":"G"},{"ty":"tm","s":{"a":1,"k":[{"i":{"x":[0.5],"y":[1]},"o":{"x":[0.5],"y":[0]},"t":-2,"s":[0]},{"i":{"x":[0.5],"y":[1]},"o":{"x":[0.5],"y":[0]},"t":11.854,"s":[30]},{"i":{"x":[0.5],"y":[1]},"o":{"x":[0.5],"y":[0]},"t":20.196,"s":[0]},{"i":{"x":[0.5],"y":[1]},"o":{"x":[0.5],"y":[0]},"t":28.537,"s":[30]},{"t":37,"s":[0]}]},"e":{"a":1,"k":[{"i":{"x":[0.667],"y":[1]},"o":{"x":[0.333],"y":[0]},"t":-2,"s":[100]},{"i":{"x":[0.667],"y":[1]},"o":{"x":[0.333],"y":[0]},"t":11.854,"s":[70]},{"i":{"x":[0.667],"y":[1]},"o":{"x":[0.333],"y":[0]},"t":20.196,"s":[100]},{"i":{"x":[0.667],"y":[1]},"o":{"x":[0.333],"y":[0]},"t":28.537,"s":[70]},{"t":37,"s":[100]}]},"o":{"a":0,"k":0},"m":1,"nm":"T"}],"ip":0,"op":37,"st":-12},{"ind":16,"ty":4,"nm":"W","sr":1,"ks":{"o":{"a":0,"k":100},"r":{"a":0,"k":0},"p":{"a":0,"k":[171,24.5,0]},"a":{"a":0,"k":[125,125,0]},"s":{"a":0,"k":[31,31,100]}},"ao":0,"shapes":[{"ty":"gr","it":[{"ind":0,"ty":"sh","ks":{"a":0,"k":{"i":[[0,0],[0,0]],"o":[[0,0],[0,0]],"v":[[151.434,98.528],[151.434,155.361]],"c":false}},"nm":"P"},{"ty":"st","c":{"a":0,"k":[0.4,0.392,0.725,1]},"o":{"a":0,"k":100},"w":{"a":0,"k":10},"lc":2,"lj":1,"ml":10,"nm":"S"},{"ty":"tr","p":{"a":0,"k":[0,0]},"a":{"a":0,"k":[0,0]},"s":{"a":0,"k":[100,100]},"r":{"a":0,"k":0},"o":{"a":0,"k":100},"sk":{"a":0,"k":0},"sa":{"a":0,"k":0},"nm":"T"}],"nm":"G"},{"ty":"tm","s":{"a":1,"k":[{"i":{"x":[0.5],"y":[1]},"o":{"x":[0.5],"y":[0]},"t":-2,"s":[0]},{"i":{"x":[0.5],"y":[1]},"o":{"x":[0.5],"y":[0]},"t":7.684,"s":[30]},{"i":{"x":[0.5],"y":[1]},"o":{"x":[0.5],"y":[0]},"t":16.025,"s":[0]},{"i":{"x":[0.5],"y":[1]},"o":{"x":[0.5],"y":[0]},"t":24.367,"s":[30]},{"t":37,"s":[0]}]},"e":{"a":1,"k":[{"i":{"x":[0.667],"y":[1]},"o":{"x":[0.333],"y":[0]},"t":-2,"s":[100]},{"i":{"x":[0.667],"y":[1]},"o":{"x":[0.333],"y":[0]},"t":7.684,"s":[70]},{"i":{"x":[0.667],"y":[1]},"o":{"x":[0.333],"y":[0]},"t":16.025,"s":[100]},{"i":{"x":[0.667],"y":[1]},"o":{"x":[0.333],"y":[0]},"t":24.367,"s":[70]},{"t":37,"s":[100]}]},"o":{"a":0,"k":0},"m":1,"nm":"T"}],"ip":0,"op":37,"st":-12},{"ind":17,"ty":4,"nm":"W","sr":1,"ks":{"o":{"a":0,"k":100},"r":{"a":0,"k":0},"p":{"a":0,"k":[171,24.5,0]},"a":{"a":0,"k":[125,125,0]},"s":{"a":0,"k":[31,31,100]}},"ao":0,"shapes":[{"ty":"gr","it":[{"ind":0,"ty":"sh","ks":{"a":0,"k":{"i":[[0,0],[0,0]],"o":[[0,0],[0,0]],"v":[[191.634,84.944],[191.634,168.944]],"c":false}},"nm":"P"},{"ty":"st","c":{"a":0,"k":[0.4,0.392,0.725,1]},"o":{"a":0,"k":100},"w":{"a":0,"k":10},"lc":2,"lj":1,"ml":10,"nm":"S"},{"ty":"tr","p":{"a":0,"k":[0,0]},"a":{"a":0,"k":[0,0]},"s":{"a":0,"k":[100,100]},"r":{"a":0,"k":0},"o":{"a":0,"k":100},"sk":{"a":0,"k":0},"sa":{"a":0,"k":0},"nm":"T"}],"nm":"G"},{"ty":"tm","s":{"a":1,"k":[{"i":{"x":[0.5],"y":[1]},"o":{"x":[0.5],"y":[0]},"t":-2,"s":[30]},{"i":{"x":[0.5],"y":[1]},"o":{"x":[0.5],"y":[0]},"t":16.025,"s":[0]},{"i":{"x":[0.5],"y":[1]},"o":{"x":[0.5],"y":[0]},"t":24.367,"s":[30]},{"i":{"x":[0.5],"y":[1]},"o":{"x":[0.5],"y":[0]},"t":32.708,"s":[0]},{"t":37.05,"s":[30]}]},"e":{"a":1,"k":[{"i":{"x":[0.667],"y":[1]},"o":{"x":[0.333],"y":[0]},"t":-2,"s":[70]},{"i":{"x":[0.667],"y":[1]},"o":{"x":[0.333],"y":[0]},"t":16.025,"s":[100]},{"i":{"x":[0.667],"y":[1]},"o":{"x":[0.333],"y":[0]},"t":24.367,"s":[70]},{"i":{"x":[0.667],"y":[1]},"o":{"x":[0.333],"y":[0]},"t":32.708,"s":[100]},{"t":37.05,"s":[70]}]},"o":{"a":0,"k":0},"m":1,"nm":"T"}],"ip":0,"op":37,"st":-12},{"ind":18,"ty":4,"nm":"W","sr":1,"ks":{"o":{"a":0,"k":100},"r":{"a":0,"k":0},"p":{"a":0,"k":[171,24.5,0]},"a":{"a":0,"k":[125,125,0]},"s":{"a":0,"k":[31,31,100]}},"ao":0,"shapes":[{"ty":"gr","it":[{"ind":0,"ty":"sh","ks":{"a":0,"k":{"i":[[0,0],[0,0]],"o":[[0,0],[0,0]],"v":[[231.833,108.944],[231.833,144.944]],"c":false}},"nm":"P"},{"ty":"st","c":{"a":0,"k":[0.4,0.392,0.725,1]},"o":{"a":0,"k":100},"w":{"a":0,"k":10},"lc":2,"lj":1,"ml":10,"nm":"S"},{"ty":"tr","p":{"a":0,"k":[0,0]},"a":{"a":0,"k":[0,0]},"s":{"a":0,"k":[100,100]},"r":{"a":0,"k":0},"o":{"a":0,"k":100},"sk":{"a":0,"k":0},"sa":{"a":0,"k":0},"nm":"T"}],"nm":"G"},{"ty":"tm","s":{"a":1,"k":[{"i":{"x":[0.5],"y":[1]},"o":{"x":[0.5],"y":[0]},"t":-2,"s":[30]},{"i":{"x":[0.5],"y":[1]},"o":{"x":[0.5],"y":[0]},"t":7.684,"s":[0]},{"i":{"x":[0.5],"y":[1]},"o":{"x":[0.5],"y":[0]},"t":16.025,"s":[30]},{"i":{"x":[0.5],"y":[1]},"o":{"x":[0.5],"y":[0]},"t":24.367,"s":[0]},{"t":37,"s":[30]}]},"e":{"a":1,"k":[{"i":{"x":[0.667],"y":[1]},"o":{"x":[0.333],"y":[0]},"t":-2,"s":[70]},{"i":{"x":[0.667],"y":[1]},"o":{"x":[0.333],"y":[0]},"t":7.684,"s":[100]},{"i":{"x":[0.667],"y":[1]},"o":{"x":[0.333],"y":[0]},"t":16.025,"s":[70]},{"i":{"x":[0.667],"y":[1]},"o":{"x":[0.333],"y":[0]},"t":24.367,"s":[100]},{"t":37,"s":[70]}]},"o":{"a":0,"k":0},"m":1,"nm":"T"}],"ip":0,"op":37,"st":-12},{"ind":19,"ty":4,"nm":"W","sr":1,"ks":{"o":{"a":0,"k":100},"r":{"a":0,"k":0},"p":{"a":0,"k":[122,24.5,0]},"a":{"a":0,"k":[125,125,0]},"s":{"a":0,"k":[31,31,100]}},"ao":0,"shapes":[{"ty":"gr","it":[{"ind":0,"ty":"sh","ks":{"a":0,"k":{"i":[[0,0],[0,0]],"o":[[0,0],[0,0]],"v":[[30.833,99.444],[30.833,154.444]],"c":false}},"nm":"P"},{"ty":"st","c":{"a":0,"k":[0.4,0.392,0.725,1]},"o":{"a":0,"k":100},"w":{"a":0,"k":10},"lc":2,"lj":1,"ml":10,"nm":"S"},{"ty":"tr","p":{"a":0,"k":[0,0]},"a":{"a":0,"k":[0,0]},"s":{"a":0,"k":[100,100]},"r":{"a":0,"k":0},"o":{"a":0,"k":100},"sk":{"a":0,"k":0},"sa":{"a":0,"k":0},"nm":"T"}],"nm":"G"},{"ty":"tm","s":{"a":1,"k":[{"i":{"x":[0.5],"y":[1]},"o":{"x":[0.5],"y":[0]},"t":1,"s":[20]},{"i":{"x":[0.5],"y":[1]},"o":{"x":[0.5],"y":[0]},"t":11.854,"s":[0]},{"i":{"x":[0.5],"y":[1]},"o":{"x":[0.5],"y":[0]},"t":20.196,"s":[20]},{"i":{"x":[0.5],"y":[1]},"o":{"x":[0.5],"y":[0]},"t":28.537,"s":[0]},{"t":37,"s":[20]}]},"e":{"a":1,"k":[{"i":{"x":[0.667],"y":[1]},"o":{"x":[0.333],"y":[0]},"t":-2,"s":[80]},{"i":{"x":[0.667],"y":[1]},"o":{"x":[0.333],"y":[0]},"t":11.854,"s":[100]},{"i":{"x":[0.667],"y":[1]},"o":{"x":[0.333],"y":[0]},"t":20.196,"s":[80]},{"i":{"x":[0.667],"y":[1]},"o":{"x":[0.333],"y":[0]},"t":28.537,"s":[100]},{"t":37,"s":[80]}]},"o":{"a":0,"k":0},"m":1,"nm":"T"}],"ip":0,"op":37,"st":-12},{"ind":20,"ty":4,"nm":"W","sr":1,"ks":{"o":{"a":0,"k":100},"r":{"a":0,"k":0},"p":{"a":0,"k":[47,24.5,0]},"a":{"a":0,"k":[125,125,0]},"s":{"a":0,"k":[31,31,100]}},"ao":0,"shapes":[{"ty":"gr","it":[{"ind":0,"ty":"sh","ks":{"a":0,"k":{"i":[[0,0],[0,0]],"o":[[0,0],[0,0]],"v":[[30.833,99.444],[30.833,154.444]],"c":false}},"nm":"P"},{"ty":"st","c":{"a":0,"k":[0.4,0.392,0.725,1]},"o":{"a":0,"k":100},"w":{"a":0,"k":10},"lc":2,"lj":1,"ml":10,"nm":"S"},{"ty":"tr","p":{"a":0,"k":[0,0]},"a":{"a":0,"k":[0,0]},"s":{"a":0,"k":[100,100]},"r":{"a":0,"k":0},"o":{"a":0,"k":100},"sk":{"a":0,"k":0},"sa":{"a":0,"k":0},"nm":"T"}],"nm":"G"},{"ty":"tm","s":{"a":1,"k":[{"i":{"x":[0.5],"y":[1]},"o":{"x":[0.5],"y":[0]},"t":1,"s":[20]},{"i":{"x":[0.5],"y":[1]},"o":{"x":[0.5],"y":[0]},"t":11.854,"s":[0]},{"i":{"x":[0.5],"y":[1]},"o":{"x":[0.5],"y":[0]},"t":20.196,"s":[20]},{"i":{"x":[0.5],"y":[1]},"o":{"x":[0.5],"y":[0]},"t":28.537,"s":[0]},{"t":37,"s":[20]}]},"e":{"a":1,"k":[{"i":{"x":[0.667],"y":[1]},"o":{"x":[0.333],"y":[0]},"t":-2,"s":[80]},{"i":{"x":[0.667],"y":[1]},"o":{"x":[0.333],"y":[0]},"t":11.854,"s":[100]},{"i":{"x":[0.667],"y":[1]},"o":{"x":[0.333],"y":[0]},"t":20.196,"s":[80]},{"i":{"x":[0.667],"y":[1]},"o":{"x":[0.333],"y":[0]},"t":28.537,"s":[100]},{"t":37,"s":[80]}]},"o":{"a":0,"k":0},"m":1,"nm":"T"}],"ip":0,"op":37,"st":-12},{"ind":21,"ty":4,"nm":"W","sr":1,"ks":{"o":{"a":0,"k":100},"r":{"a":0,"k":0},"p":{"a":0,"k":[47,24.5,0]},"a":{"a":0,"k":[125,125,0]},"s":{"a":0,"k":[31,31,100]}},"ao":0,"shapes":[{"ty":"gr","it":[{"ind":0,"ty":"sh","ks":{"a":0,"k":{"i":[[0,0],[0,0]],"o":[[0,0],[0,0]],"v":[[71.033,73.444],[71.033,180.444]],"c":false}},"nm":"P"},{"ty":"st","c":{"a":0,"k":[0.4,0.392,0.725,1]},"o":{"a":0,"k":100},"w":{"a":0,"k":10},"lc":2,"lj":1,"ml":10,"nm":"S"},{"ty":"tr","p":{"a":0,"k":[0,0]},"a":{"a":0,"k":[0,0]},"s":{"a":0,"k":[100,100]},"r":{"a":0,"k":0},"o":{"a":0,"k":100},"sk":{"a":0,"k":0},"sa":{"a":0,"k":0},"nm":"T"}],"nm":"G"},{"ty":"tm","s":{"a":1,"k":[{"i":{"x":[0.5],"y":[1]},"o":{"x":[0.5],"y":[0]},"t":-2,"s":[0]},{"i":{"x":[0.5],"y":[1]},"o":{"x":[0.5],"y":[0]},"t":16.025,"s":[30]},{"i":{"x":[0.5],"y":[1]},"o":{"x":[0.5],"y":[0]},"t":24.367,"s":[0]},{"i":{"x":[0.5],"y":[1]},"o":{"x":[0.5],"y":[0]},"t":32.708,"s":[30]},{"t":37,"s":[0]}]},"e":{"a":1,"k":[{"i":{"x":[0.667],"y":[1]},"o":{"x":[0.333],"y":[0]},"t":-2,"s":[100]},{"i":{"x":[0.667],"y":[1]},"o":{"x":[0.333],"y":[0]},"t":16.025,"s":[70]},{"i":{"x":[0.667],"y":[1]},"o":{"x":[0.333],"y":[0]},"t":24.367,"s":[100]},{"i":{"x":[0.667],"y":[1]},"o":{"x":[0.333],"y":[0]},"t":32.708,"s":[70]},{"t":37,"s":[100]}]},"o":{"a":0,"k":0},"m":1,"nm":"T"}],"ip":0,"op":37,"st":-12},{"ind":22,"ty":4,"nm":"W","sr":1,"ks":{"o":{"a":0,"k":100},"r":{"a":0,"k":0},"p":{"a":0,"k":[47,24.5,0]},"a":{"a":0,"k":[125,125,0]},"s":{"a":0,"k":[31,31,100]}},"ao":0,"shapes":[{"ty":"gr","it":[{"ind":0,"ty":"sh","ks":{"a":0,"k":{"i":[[0,0],[0,0]],"o":[[0,0],[0,0]],"v":[[111.233,51.944],[111.233,201.944]],"c":false}},"nm":"P"},{"ty":"st","c":{"a":0,"k":[0.4,0.392,0.725,1]},"o":{"a":0,"k":100},"w":{"a":0,"k":10},"lc":2,"lj":1,"ml":10,"nm":"S"},{"ty":"tr","p":{"a":0,"k":[0,0]},"a":{"a":0,"k":[0,0]},"s":{"a":0,"k":[100,100]},"r":{"a":0,"k":0},"o":{"a":0,"k":100},"sk":{"a":0,"k":0},"sa":{"a":0,"k":0},"nm":"T"}],"nm":"G"},{"ty":"tm","s":{"a":1,"k":[{"i":{"x":[0.5],"y":[1]},"o":{"x":[0.5],"y":[0]},"t":-2,"s":[0]},{"i":{"x":[0.5],"y":[1]},"o":{"x":[0.5],"y":[0]},"t":11.854,"s":[30]},{"i":{"x":[0.5],"y":[1]},"o":{"x":[0.5],"y":[0]},"t":20.196,"s":[0]},{"i":{"x":[0.5],"y":[1]},"o":{"x":[0.5],"y":[0]},"t":28.537,"s":[30]},{"t":37,"s":[0]}]},"e":{"a":1,"k":[{"i":{"x":[0.667],"y":[1]},"o":{"x":[0.333],"y":[0]},"t":-2,"s":[100]},{"i":{"x":[0.667],"y":[1]},"o":{"x":[0.333],"y":[0]},"t":11.854,"s":[70]},{"i":{"x":[0.667],"y":[1]},"o":{"x":[0.333],"y":[0]},"t":20.196,"s":[100]},{"i":{"x":[0.667],"y":[1]},"o":{"x":[0.333],"y":[0]},"t":28.537,"s":[70]},{"t":37,"s":[100]}]},"o":{"a":0,"k":0},"m":1,"nm":"T"}],"ip":0,"op":37,"st":-12},{"ind":23,"ty":4,"nm":"W","sr":1,"ks":{"o":{"a":0,"k":100},"r":{"a":0,"k":0},"p":{"a":0,"k":[47,24.5,0]},"a":{"a":0,"k":[125,125,0]},"s":{"a":0,"k":[31,31,100]}},"ao":0,"shapes":[{"ty":"gr","it":[{"ind":0,"ty":"sh","ks":{"a":0,"k":{"i":[[0,0],[0,0]],"o":[[0,0],[0,0]],"v":[[151.434,98.528],[151.434,155.361]],"c":false}},"nm":"P"},{"ty":"st","c":{"a":0,"k":[0.4,0.392,0.725,1]},"o":{"a":0,"k":100},"w":{"a":0,"k":10},"lc":2,"lj":1,"ml":10,"nm":"S"},{"ty":"tr","p":{"a":0,"k":[0,0]},"a":{"a":0,"k":[0,0]},"s":{"a":0,"k":[100,100]},"r":{"a":0,"k":0},"o":{"a":0,"k":100},"sk":{"a":0,"k":0},"sa":{"a":0,"k":0},"nm":"T"}],"nm":"G"},{"ty":"tm","s":{"a":1,"k":[{"i":{"x":[0.5],"y":[1]},"o":{"x":[0.5],"y":[0]},"t":-2,"s":[0]},{"i":{"x":[0.5],"y":[1]},"o":{"x":[0.5],"y":[0]},"t":7.684,"s":[30]},{"i":{"x":[0.5],"y":[1]},"o":{"x":[0.5],"y":[0]},"t":16.025,"s":[0]},{"i":{"x":[0.5],"y":[1]},"o":{"x":[0.5],"y":[0]},"t":24.367,"s":[30]},{"t":37,"s":[0]}]},"e":{"a":1,"k":[{"i":{"x":[0.667],"y":[1]},"o":{"x":[0.333],"y":[0]},"t":-2,"s":[100]},{"i":{"x":[0.667],"y":[1]},"o":{"x":[0.333],"y":[0]},"t":7.684,"s":[70]},{"i":{"x":[0.667],"y":[1]},"o":{"x":[0.333],"y":[0]},"t":16.025,"s":[100]},{"i":{"x":[0.667],"y":[1]},"o":{"x":[0.333],"y":[0]},"t":24.367,"s":[70]},{"t":37,"s":[100]}]},"o":{"a":0,"k":0},"m":1,"nm":"T"}],"ip":0,"op":37,"st":-12},{"ind":24,"ty":4,"nm":"W","sr":1,"ks":{"o":{"a":0,"k":100},"r":{"a":0,"k":0},"p":{"a":0,"k":[47,24.5,0]},"a":{"a":0,"k":[125,125,0]},"s":{"a":0,"k":[31,31,100]}},"ao":0,"shapes":[{"ty":"gr","it":[{"ind":0,"ty":"sh","ks":{"a":0,"k":{"i":[[0,0],[0,0]],"o":[[0,0],[0,0]],"v":[[191.634,84.944],[191.634,168.944]],"c":false}},"nm":"P"},{"ty":"st","c":{"a":0,"k":[0.4,0.392,0.725,1]},"o":{"a":0,"k":100},"w":{"a":0,"k":10},"lc":2,"lj":1,"ml":10,"nm":"S"},{"ty":"tr","p":{"a":0,"k":[0,0]},"a":{"a":0,"k":[0,0]},"s":{"a":0,"k":[100,100]},"r":{"a":0,"k":0},"o":{"a":0,"k":100},"sk":{"a":0,"k":0},"sa":{"a":0,"k":0},"nm":"T"}],"nm":"G"},{"ty":"tm","s":{"a":1,"k":[{"i":{"x":[0.5],"y":[1]},"o":{"x":[0.5],"y":[0]},"t":-2,"s":[30]},{"i":{"x":[0.5],"y":[1]},"o":{"x":[0.5],"y":[0]},"t":16.025,"s":[0]},{"i":{"x":[0.5],"y":[1]},"o":{"x":[0.5],"y":[0]},"t":24.367,"s":[30]},{"i":{"x":[0.5],"y":[1]},"o":{"x":[0.5],"y":[0]},"t":32.708,"s":[0]},{"t":37.05,"s":[30]}]},"e":{"a":1,"k":[{"i":{"x":[0.667],"y":[1]},"o":{"x":[0.333],"y":[0]},"t":-2,"s":[70]},{"i":{"x":[0.667],"y":[1]},"o":{"x":[0.333],"y":[0]},"t":16.025,"s":[100]},{"i":{"x":[0.667],"y":[1]},"o":{"x":[0.333],"y":[0]},"t":24.367,"s":[70]},{"i":{"x":[0.667],"y":[1]},"o":{"x":[0.333],"y":[0]},"t":32.708,"s":[100]},{"t":37.05,"s":[70]}]},"o":{"a":0,"k":0},"m":1,"nm":"T"}],"ip":0,"op":37,"st":-12},{"ind":25,"ty":4,"nm":"W","sr":1,"ks":{"o":{"a":0,"k":100},"r":{"a":0,"k":0},"p":{"a":0,"k":[47,24.5,0]},"a":{"a":0,"k":[125,125,0]},"s":{"a":0,"k":[31,31,100]}},"ao":0,"shapes":[{"ty":"gr","it":[{"ind":0,"ty":"sh","ks":{"a":0,"k":{"i":[[0,0],[0,0]],"o":[[0,0],[0,0]],"v":[[231.833,108.944],[231.833,144.944]],"c":false}},"nm":"P"},{"ty":"st","c":{"a":0,"k":[0.4,0.392,0.725,1]},"o":{"a":0,"k":100},"w":{"a":0,"k":10},"lc":2,"lj":1,"ml":10,"nm":"S"},{"ty":"tr","p":{"a":0,"k":[0,0]},"a":{"a":0,"k":[0,0]},"s":{"a":0,"k":[100,100]},"r":{"a":0,"k":0},"o":{"a":0,"k":100},"sk":{"a":0,"k":0},"sa":{"a":0,"k":0},"nm":"T"}],"nm":"G"},{"ty":"tm","s":{"a":1,"k":[{"i":{"x":[0.5],"y":[1]},"o":{"x":[0.5],"y":[0]},"t":-2,"s":[30]},{"i":{"x":[0.5],"y":[1]},"o":{"x":[0.5],"y":[0]},"t":7.684,"s":[0]},{"i":{"x":[0.5],"y":[1]},"o":{"x":[0.5],"y":[0]},"t":16.025,"s":[30]},{"i":{"x":[0.5],"y":[1]},"o":{"x":[0.5],"y":[0]},"t":24.367,"s":[0]},{"t":37,"s":[30]}]},"e":{"a":1,"k":[{"i":{"x":[0.667],"y":[1]},"o":{"x":[0.333],"y":[0]},"t":-2,"s":[70]},{"i":{"x":[0.667],"y":[1]},"o":{"x":[0.333],"y":[0]},"t":7.684,"s":[100]},{"i":{"x":[0.667],"y":[1]},"o":{"x":[0.333],"y":[0]},"t":16.025,"s":[70]},{"i":{"x":[0.667],"y":[1]},"o":{"x":[0.333],"y":[0]},"t":24.367,"s":[100]},{"t":37,"s":[70]}]},"o":{"a":0,"k":0},"m":1,"nm":"T"}],"ip":0,"op":37,"st":-12},{"ind":26,"ty":4,"nm":"W","sr":1,"ks":{"o":{"a":0,"k":100},"r":{"a":0,"k":0},"p":{"a":0,"k":[70,24.5,0]},"a":{"a":0,"k":[125,125,0]},"s":{"a":0,"k":[31,31,100]}},"ao":0,"shapes":[{"ty":"gr","it":[{"ind":0,"ty":"sh","ks":{"a":0,"k":{"i":[[0,0],[0,0]],"o":[[0,0],[0,0]],"v":[[231.833,108.944],[231.833,144.944]],"c":false}},"nm":"P"},{"ty":"st","c":{"a":0,"k":[0.4,0.392,0.725,1]},"o":{"a":0,"k":100},"w":{"a":0,"k":10},"lc":2,"lj":1,"ml":10,"nm":"S"},{"ty":"tr","p":{"a":0,"k":[0,0]},"a":{"a":0,"k":[0,0]},"s":{"a":0,"k":[100,100]},"r":{"a":0,"k":0},"o":{"a":0,"k":100},"sk":{"a":0,"k":0},"sa":{"a":0,"k":0},"nm":"T"}],"nm":"G"},{"ty":"tm","s":{"a":1,"k":[{"i":{"x":[0.5],"y":[1]},"o":{"x":[0.5],"y":[0]},"t":-2,"s":[30]},{"i":{"x":[0.5],"y":[1]},"o":{"x":[0.5],"y":[0]},"t":7.684,"s":[0]},{"i":{"x":[0.5],"y":[1]},"o":{"x":[0.5],"y":[0]},"t":16.025,"s":[30]},{"i":{"x":[0.5],"y":[1]},"o":{"x":[0.5],"y":[0]},"t":24.367,"s":[0]},{"t":37,"s":[30]}]},"e":{"a":1,"k":[{"i":{"x":[0.667],"y":[1]},"o":{"x":[0.333],"y":[0]},"t":-2,"s":[70]},{"i":{"x":[0.667],"y":[1]},"o":{"x":[0.333],"y":[0]},"t":7.684,"s":[100]},{"i":{"x":[0.667],"y":[1]},"o":{"x":[0.333],"y":[0]},"t":16.025,"s":[70]},{"i":{"x":[0.667],"y":[1]},"o":{"x":[0.333],"y":[0]},"t":24.367,"s":[100]},{"t":37,"s":[70]}]},"o":{"a":0,"k":0},"m":1,"nm":"T"}],"ip":0,"op":37,"st":-12},{"ind":27,"ty":4,"nm":"W","sr":1,"ks":{"o":{"a":0,"k":100},"r":{"a":0,"k":0},"p":{"a":0,"k":[83,24.5,0]},"a":{"a":0,"k":[125,125,0]},"s":{"a":0,"k":[31,31,100]}},"ao":0,"shapes":[{"ty":"gr","it":[{"ind":0,"ty":"sh","ks":{"a":0,"k":{"i":[[0,0],[0,0]],"o":[[0,0],[0,0]],"v":[[231.833,108.944],[231.833,144.944]],"c":false}},"nm":"P"},{"ty":"st","c":{"a":0,"k":[0.4,0.392,0.725,1]},"o":{"a":0,"k":100},"w":{"a":0,"k":10},"lc":2,"lj":1,"ml":10,"nm":"S"},{"ty":"tr","p":{"a":0,"k":[0,0]},"a":{"a":0,"k":[0,0]},"s":{"a":0,"k":[100,100]},"r":{"a":0,"k":0},"o":{"a":0,"k":100},"sk":{"a":0,"k":0},"sa":{"a":0,"k":0},"nm":"T"}],"nm":"G"},{"ty":"tm","s":{"a":1,"k":[{"i":{"x":[0.5],"y":[1]},"o":{"x":[0.5],"y":[0]},"t":-2,"s":[30]},{"i":{"x":[0.5],"y":[1]},"o":{"x":[0.5],"y":[0]},"t":7.684,"s":[0]},{"i":{"x":[0.5],"y":[1]},"o":{"x":[0.5],"y":[0]},"t":16.025,"s":[30]},{"i":{"x":[0.5],"y":[1]},"o":{"x":[0.5],"y":[0]},"t":24.367,"s":[0]},{"t":37,"s":[30]}]},"e":{"a":1,"k":[{"i":{"x":[0.667],"y":[1]},"o":{"x":[0.333],"y":[0]},"t":-2,"s":[70]},{"i":{"x":[0.667],"y":[1]},"o":{"x":[0.333],"y":[0]},"t":7.684,"s":[100]},{"i":{"x":[0.667],"y":[1]},"o":{"x":[0.333],"y":[0]},"t":16.025,"s":[70]},{"i":{"x":[0.667],"y":[1]},"o":{"x":[0.333],"y":[0]},"t":24.367,"s":[100]},{"t":37,"s":[70]}]},"o":{"a":0,"k":0},"m":1,"nm":"T"}],"ip":0,"op":37,"st":-12},{"ind":28,"ty":4,"nm":"W","sr":1,"ks":{"o":{"a":0,"k":100},"r":{"a":0,"k":0},"p":{"a":0,"k":[96,24.5,0]},"a":{"a":0,"k":[125,125,0]},"s":{"a":0,"k":[31,31,100]}},"ao":0,"shapes":[{"ty":"gr","it":[{"ind":0,"ty":"sh","ks":{"a":0,"k":{"i":[[0,0],[0,0]],"o":[[0,0],[0,0]],"v":[[231.833,108.944],[231.833,144.944]],"c":false}},"nm":"P"},{"ty":"st","c":{"a":0,"k":[0.4,0.392,0.725,1]},"o":{"a":0,"k":100},"w":{"a":0,"k":10},"lc":2,"lj":1,"ml":10,"nm":"S"},{"ty":"tr","p":{"a":0,"k":[0,0]},"a":{"a":0,"k":[0,0]},"s":{"a":0,"k":[100,100]},"r":{"a":0,"k":0},"o":{"a":0,"k":100},"sk":{"a":0,"k":0},"sa":{"a":0,"k":0},"nm":"T"}],"nm":"G"},{"ty":"tm","s":{"a":1,"k":[{"i":{"x":[0.5],"y":[1]},"o":{"x":[0.5],"y":[0]},"t":-2,"s":[30]},{"i":{"x":[0.5],"y":[1]},"o":{"x":[0.5],"y":[0]},"t":7.684,"s":[0]},{"i":{"x":[0.5],"y":[1]},"o":{"x":[0.5],"y":[0]},"t":16.025,"s":[30]},{"i":{"x":[0.5],"y":[1]},"o":{"x":[0.5],"y":[0]},"t":24.367,"s":[0]},{"t":37,"s":[30]}]},"e":{"a":1,"k":[{"i":{"x":[0.667],"y":[1]},"o":{"x":[0.333],"y":[0]},"t":-2,"s":[70]},{"i":{"x":[0.667],"y":[1]},"o":{"x":[0.333],"y":[0]},"t":7.684,"s":[100]},{"i":{"x":[0.667],"y":[1]},"o":{"x":[0.333],"y":[0]},"t":16.025,"s":[70]},{"i":{"x":[0.667],"y":[1]},"o":{"x":[0.333],"y":[0]},"t":24.367,"s":[100]},{"t":37,"s":[70]}]},"o":{"a":0,"k":0},"m":1,"nm":"T"}],"ip":0,"op":37,"st":-12},{"ind":29,"ty":4,"nm":"W","sr":1,"ks":{"o":{"a":0,"k":100},"r":{"a":0,"k":0},"p":{"a":0,"k":[187,24.5,0]},"a":{"a":0,"k":[125,125,0]},"s":{"a":0,"k":[31,31,100]}},"ao":0,"shapes":[{"ty":"gr","it":[{"ind":0,"ty":"sh","ks":{"a":0,"k":{"i":[[0,0],[0,0]],"o":[[0,0],[0,0]],"v":[[231.833,108.944],[231.833,144.944]],"c":false}},"nm":"P"},{"ty":"st","c":{"a":0,"k":[0.4,0.392,0.725,1]},"o":{"a":0,"k":100},"w":{"a":0,"k":10},"lc":2,"lj":1,"ml":10,"nm":"S"},{"ty":"tr","p":{"a":0,"k":[0,0]},"a":{"a":0,"k":[0,0]},"s":{"a":0,"k":[100,100]},"r":{"a":0,"k":0},"o":{"a":0,"k":100},"sk":{"a":0,"k":0},"sa":{"a":0,"k":0},"nm":"T"}],"nm":"G"},{"ty":"tm","s":{"a":1,"k":[{"i":{"x":[0.5],"y":[1]},"o":{"x":[0.5],"y":[0]},"t":-2,"s":[30]},{"i":{"x":[0.5],"y":[1]},"o":{"x":[0.5],"y":[0]},"t":7.684,"s":[0]},{"i":{"x":[0.5],"y":[1]},"o":{"x":[0.5],"y":[0]},"t":16.025,"s":[30]},{"i":{"x":[0.5],"y":[1]},"o":{"x":[0.5],"y":[0]},"t":24.367,"s":[0]},{"t":37,"s":[30]}]},"e":{"a":1,"k":[{"i":{"x":[0.667],"y":[1]},"o":{"x":[0.333],"y":[0]},"t":-2,"s":[70]},{"i":{"x":[0.667],"y":[1]},"o":{"x":[0.333],"y":[0]},"t":7.684,"s":[100]},{"i":{"x":[0.667],"y":[1]},"o":{"x":[0.333],"y":[0]},"t":16.025,"s":[70]},{"i":{"x":[0.667],"y":[1]},"o":{"x":[0.333],"y":[0]},"t":24.367,"s":[100]},{"t":37,"s":[70]}]},"o":{"a":0,"k":0},"m":1,"nm":"T"}],"ip":0,"op":37,"st":-12},{"ind":30,"ty":4,"nm":"W","sr":1,"ks":{"o":{"a":0,"k":100},"r":{"a":0,"k":0},"p":{"a":0,"k":[200,24.5,0]},"a":{"a":0,"k":[125,125,0]},"s":{"a":0,"k":[31,31,100]}},"ao":0,"shapes":[{"ty":"gr","it":[{"ind":0,"ty":"sh","ks":{"a":0,"k":{"i":[[0,0],[0,0]],"o":[[0,0],[0,0]],"v":[[231.833,108.944],[231.833,144.944]],"c":false}},"nm":"P"},{"ty":"st","c":{"a":0,"k":[0.4,0.392,0.725,1]},"o":{"a":0,"k":100},"w":{"a":0,"k":10},"lc":2,"lj":1,"ml":10,"nm":"S"},{"ty":"tr","p":{"a":0,"k":[0,0]},"a":{"a":0,"k":[0,0]},"s":{"a":0,"k":[100,100]},"r":{"a":0,"k":0},"o":{"a":0,"k":100},"sk":{"a":0,"k":0},"sa":{"a":0,"k":0},"nm":"T"}],"nm":"G"},{"ty":"tm","s":{"a":1,"k":[{"i":{"x":[0.5],"y":[1]},"o":{"x":[0.5],"y":[0]},"t":-2,"s":[30]},{"i":{"x":[0.5],"y":[1]},"o":{"x":[0.5],"y":[0]},"t":7.684,"s":[0]},{"i":{"x":[0.5],"y":[1]},"o":{"x":[0.5],"y":[0]},"t":16.025,"s":[30]},{"i":{"x":[0.5],"y":[1]},"o":{"x":[0.5],"y":[0]},"t":24.367,"s":[0]},{"t":37,"s":[30]}]},"e":{"a":1,"k":[{"i":{"x":[0.667],"y":[1]},"o":{"x":[0.333],"y":[0]},"t":-2,"s":[70]},{"i":{"x":[0.667],"y":[1]},"o":{"x":[0.333],"y":[0]},"t":7.684,"s":[100]},{"i":{"x":[0.667],"y":[1]},"o":{"x":[0.333],"y":[0]},"t":16.025,"s":[70]},{"i":{"x":[0.667],"y":[1]},"o":{"x":[0.333],"y":[0]},"t":24.367,"s":[100]},{"t":37,"s":[70]}]},"o":{"a":0,"k":0},"m":1,"nm":"T"}],"ip":0,"op":37,"st":-12},{"ind":31,"ty":4,"nm":"W","sr":1,"ks":{"o":{"a":0,"k":100},"r":{"a":0,"k":0},"p":{"a":0,"k":[464,24.5,0]},"a":{"a":0,"k":[125,125,0]},"s":{"a":0,"k":[31,31,100]}},"ao":0,"shapes":[{"ty":"gr","it":[{"ind":0,"ty":"sh","ks":{"a":0,"k":{"i":[[0,0],[0,0]],"o":[[0,0],[0,0]],"v":[[231.833,108.944],[231.833,144.944]],"c":false}},"nm":"P"},{"ty":"st","c":{"a":0,"k":[0.4,0.392,0.725,1]},"o":{"a":0,"k":100},"w":{"a":0,"k":10},"lc":2,"lj":1,"ml":10,"nm":"S"},{"ty":"tr","p":{"a":0,"k":[0,0]},"a":{"a":0,"k":[0,0]},"s":{"a":0,"k":[100,100]},"r":{"a":0,"k":0},"o":{"a":0,"k":100},"sk":{"a":0,"k":0},"sa":{"a":0,"k":0},"nm":"T"}],"nm":"G"},{"ty":"tm","s":{"a":1,"k":[{"i":{"x":[0.5],"y":[1]},"o":{"x":[0.5],"y":[0]},"t":-2,"s":[30]},{"i":{"x":[0.5],"y":[1]},"o":{"x":[0.5],"y":[0]},"t":7.684,"s":[0]},{"i":{"x":[0.5],"y":[1]},"o":{"x":[0.5],"y":[0]},"t":16.025,"s":[30]},{"i":{"x":[0.5],"y":[1]},"o":{"x":[0.5],"y":[0]},"t":24.367,"s":[0]},{"t":37,"s":[30]}]},"e":{"a":1,"k":[{"i":{"x":[0.667],"y":[1]},"o":{"x":[0.333],"y":[0]},"t":-2,"s":[70]},{"i":{"x":[0.667],"y":[1]},"o":{"x":[0.333],"y":[0]},"t":7.684,"s":[100]},{"i":{"x":[0.667],"y":[1]},"o":{"x":[0.333],"y":[0]},"t":16.025,"s":[70]},{"i":{"x":[0.667],"y":[1]},"o":{"x":[0.333],"y":[0]},"t":24.367,"s":[100]},{"t":37,"s":[70]}]},"o":{"a":0,"k":0},"m":1,"nm":"T"}],"ip":0,"op":37,"st":-12},{"ind":32,"ty":4,"nm":"W","sr":1,"ks":{"o":{"a":0,"k":100},"r":{"a":0,"k":0},"p":{"a":0,"k":[583,24.5,0]},"a":{"a":0,"k":[125,125,0]},"s":{"a":0,"k":[31,31,100]}},"ao":0,"shapes":[{"ty":"gr","it":[{"ind":0,"ty":"sh","ks":{"a":0,"k":{"i":[[0,0],[0,0]],"o":[[0,0],[0,0]],"v":[[30.833,99.444],[30.833,154.444]],"c":false}},"nm":"P"},{"ty":"st","c":{"a":0,"k":[0.4,0.392,0.725,1]},"o":{"a":0,"k":100},"w":{"a":0,"k":10},"lc":2,"lj":1,"ml":10,"nm":"S"},{"ty":"tr","p":{"a":0,"k":[0,0]},"a":{"a":0,"k":[0,0]},"s":{"a":0,"k":[100,100]},"r":{"a":0,"k":0},"o":{"a":0,"k":100},"sk":{"a":0,"k":0},"sa":{"a":0,"k":0},"nm":"T"}],"nm":"G"},{"ty":"tm","s":{"a":1,"k":[{"i":{"x":[0.5],"y":[1]},"o":{"x":[0.5],"y":[0]},"t":1,"s":[20]},{"i":{"x":[0.5],"y":[1]},"o":{"x":[0.5],"y":[0]},"t":11.854,"s":[0]},{"i":{"x":[0.5],"y":[1]},"o":{"x":[0.5],"y":[0]},"t":20.196,"s":[20]},{"i":{"x":[0.5],"y":[1]},"o":{"x":[0.5],"y":[0]},"t":28.537,"s":[0]},{"t":37,"s":[20]}]},"e":{"a":1,"k":[{"i":{"x":[0.667],"y":[1]},"o":{"x":[0.333],"y":[0]},"t":-2,"s":[80]},{"i":{"x":[0.667],"y":[1]},"o":{"x":[0.333],"y":[0]},"t":11.854,"s":[100]},{"i":{"x":[0.667],"y":[1]},"o":{"x":[0.333],"y":[0]},"t":20.196,"s":[80]},{"i":{"x":[0.667],"y":[1]},"o":{"x":[0.333],"y":[0]},"t":28.537,"s":[100]},{"t":37,"s":[80]}]},"o":{"a":0,"k":0},"m":1,"nm":"T"}],"ip":0,"op":37,"st":-12},{"ind":33,"ty":4,"nm":"W","sr":1,"ks":{"o":{"a":0,"k":100},"r":{"a":0,"k":0},"p":{"a":0,"k":[535,24.5,0]},"a":{"a":0,"k":[125,125,0]},"s":{"a":0,"k":[31,31,100]}},"ao":0,"shapes":[{"ty":"gr","it":[{"ind":0,"ty":"sh","ks":{"a":0,"k":{"i":[[0,0],[0,0]],"o":[[0,0],[0,0]],"v":[[231.833,108.944],[231.833,144.944]],"c":false}},"nm":"P"},{"ty":"st","c":{"a":0,"k":[0.4,0.392,0.725,1]},"o":{"a":0,"k":100},"w":{"a":0,"k":10},"lc":2,"lj":1,"ml":10,"nm":"S"},{"ty":"tr","p":{"a":0,"k":[0,0]},"a":{"a":0,"k":[0,0]},"s":{"a":0,"k":[100,100]},"r":{"a":0,"k":0},"o":{"a":0,"k":100},"sk":{"a":0,"k":0},"sa":{"a":0,"k":0},"nm":"T"}],"nm":"G"},{"ty":"tm","s":{"a":1,"k":[{"i":{"x":[0.5],"y":[1]},"o":{"x":[0.5],"y":[0]},"t":-2,"s":[30]},{"i":{"x":[0.5],"y":[1]},"o":{"x":[0.5],"y":[0]},"t":7.684,"s":[0]},{"i":{"x":[0.5],"y":[1]},"o":{"x":[0.5],"y":[0]},"t":16.025,"s":[30]},{"i":{"x":[0.5],"y":[1]},"o":{"x":[0.5],"y":[0]},"t":24.367,"s":[0]},{"t":37,"s":[30]}]},"e":{"a":1,"k":[{"i":{"x":[0.667],"y":[1]},"o":{"x":[0.333],"y":[0]},"t":-2,"s":[70]},{"i":{"x":[0.667],"y":[1]},"o":{"x":[0.333],"y":[0]},"t":7.684,"s":[100]},{"i":{"x":[0.667],"y":[1]},"o":{"x":[0.333],"y":[0]},"t":16.025,"s":[70]},{"i":{"x":[0.667],"y":[1]},"o":{"x":[0.333],"y":[0]},"t":24.367,"s":[100]},{"t":37,"s":[70]}]},"o":{"a":0,"k":0},"m":1,"nm":"T"}],"ip":0,"op":37,"st":-12},{"ind":34,"ty":4,"nm":"W","sr":1,"ks":{"o":{"a":0,"k":100},"r":{"a":0,"k":0},"p":{"a":0,"k":[548,24.5,0]},"a":{"a":0,"k":[125,125,0]},"s":{"a":0,"k":[31,31,100]}},"ao":0,"shapes":[{"ty":"gr","it":[{"ind":0,"ty":"sh","ks":{"a":0,"k":{"i":[[0,0],[0,0]],"o":[[0,0],[0,0]],"v":[[231.833,108.944],[231.833,144.944]],"c":false}},"nm":"P"},{"ty":"st","c":{"a":0,"k":[0.4,0.392,0.725,1]},"o":{"a":0,"k":100},"w":{"a":0,"k":10},"lc":2,"lj":1,"ml":10,"nm":"S"},{"ty":"tr","p":{"a":0,"k":[0,0]},"a":{"a":0,"k":[0,0]},"s":{"a":0,"k":[100,100]},"r":{"a":0,"k":0},"o":{"a":0,"k":100},"sk":{"a":0,"k":0},"sa":{"a":0,"k":0},"nm":"T"}],"nm":"G"},{"ty":"tm","s":{"a":1,"k":[{"i":{"x":[0.5],"y":[1]},"o":{"x":[0.5],"y":[0]},"t":-2,"s":[30]},{"i":{"x":[0.5],"y":[1]},"o":{"x":[0.5],"y":[0]},"t":7.684,"s":[0]},{"i":{"x":[0.5],"y":[1]},"o":{"x":[0.5],"y":[0]},"t":16.025,"s":[30]},{"i":{"x":[0.5],"y":[1]},"o":{"x":[0.5],"y":[0]},"t":24.367,"s":[0]},{"t":37,"s":[30]}]},"e":{"a":1,"k":[{"i":{"x":[0.667],"y":[1]},"o":{"x":[0.333],"y":[0]},"t":-2,"s":[70]},{"i":{"x":[0.667],"y":[1]},"o":{"x":[0.333],"y":[0]},"t":7.684,"s":[100]},{"i":{"x":[0.667],"y":[1]},"o":{"x":[0.333],"y":[0]},"t":16.025,"s":[70]},{"i":{"x":[0.667],"y":[1]},"o":{"x":[0.333],"y":[0]},"t":24.367,"s":[100]},{"t":37,"s":[70]}]},"o":{"a":0,"k":0},"m":1,"nm":"T"}],"ip":0,"op":37,"st":-12},{"ind":35,"ty":4,"nm":"W","sr":1,"ks":{"o":{"a":0,"k":100},"r":{"a":0,"k":0},"p":{"a":0,"k":[539,24.5,0]},"a":{"a":0,"k":[125,125,0]},"s":{"a":0,"k":[31,31,100]}},"ao":0,"shapes":[{"ty":"gr","it":[{"ind":0,"ty":"sh","ks":{"a":0,"k":{"i":[[0,0],[0,0]],"o":[[0,0],[0,0]],"v":[[30.833,99.444],[30.833,154.444]],"c":false}},"nm":"P"},{"ty":"st","c":{"a":0,"k":[0.4,0.392,0.725,1]},"o":{"a":0,"k":100},"w":{"a":0,"k":10},"lc":2,"lj":1,"ml":10,"nm":"S"},{"ty":"tr","p":{"a":0,"k":[0,0]},"a":{"a":0,"k":[0,0]},"s":{"a":0,"k":[100,100]},"r":{"a":0,"k":0},"o":{"a":0,"k":100},"sk":{"a":0,"k":0},"sa":{"a":0,"k":0},"nm":"T"}],"nm":"G"},{"ty":"tm","s":{"a":1,"k":[{"i":{"x":[0.5],"y":[1]},"o":{"x":[0.5],"y":[0]},"t":1,"s":[20]},{"i":{"x":[0.5],"y":[1]},"o":{"x":[0.5],"y":[0]},"t":11.854,"s":[0]},{"i":{"x":[0.5],"y":[1]},"o":{"x":[0.5],"y":[0]},"t":20.196,"s":[20]},{"i":{"x":[0.5],"y":[1]},"o":{"x":[0.5],"y":[0]},"t":28.537,"s":[0]},{"t":37,"s":[20]}]},"e":{"a":1,"k":[{"i":{"x":[0.667],"y":[1]},"o":{"x":[0.333],"y":[0]},"t":-2,"s":[80]},{"i":{"x":[0.667],"y":[1]},"o":{"x":[0.333],"y":[0]},"t":11.854,"s":[100]},{"i":{"x":[0.667],"y":[1]},"o":{"x":[0.333],"y":[0]},"t":20.196,"s":[80]},{"i":{"x":[0.667],"y":[1]},"o":{"x":[0.333],"y":[0]},"t":28.537,"s":[100]},{"t":37,"s":[80]}]},"o":{"a":0,"k":0},"m":1,"nm":"T"}],"ip":0,"op":37,"st":-12},{"ind":36,"ty":4,"nm":"W","sr":1,"ks":{"o":{"a":0,"k":100},"r":{"a":0,"k":0},"p":{"a":0,"k":[491,24.5,0]},"a":{"a":0,"k":[125,125,0]},"s":{"a":0,"k":[31,31,100]}},"ao":0,"shapes":[{"ty":"gr","it":[{"ind":0,"ty":"sh","ks":{"a":0,"k":{"i":[[0,0],[0,0]],"o":[[0,0],[0,0]],"v":[[231.833,108.944],[231.833,144.944]],"c":false}},"nm":"P"},{"ty":"st","c":{"a":0,"k":[0.4,0.392,0.725,1]},"o":{"a":0,"k":100},"w":{"a":0,"k":10},"lc":2,"lj":1,"ml":10,"nm":"S"},{"ty":"tr","p":{"a":0,"k":[0,0]},"a":{"a":0,"k":[0,0]},"s":{"a":0,"k":[100,100]},"r":{"a":0,"k":0},"o":{"a":0,"k":100},"sk":{"a":0,"k":0},"sa":{"a":0,"k":0},"nm":"T"}],"nm":"G"},{"ty":"tm","s":{"a":1,"k":[{"i":{"x":[0.5],"y":[1]},"o":{"x":[0.5],"y":[0]},"t":-2,"s":[30]},{"i":{"x":[0.5],"y":[1]},"o":{"x":[0.5],"y":[0]},"t":7.684,"s":[0]},{"i":{"x":[0.5],"y":[1]},"o":{"x":[0.5],"y":[0]},"t":16.025,"s":[30]},{"i":{"x":[0.5],"y":[1]},"o":{"x":[0.5],"y":[0]},"t":24.367,"s":[0]},{"t":37,"s":[30]}]},"e":{"a":1,"k":[{"i":{"x":[0.667],"y":[1]},"o":{"x":[0.333],"y":[0]},"t":-2,"s":[70]},{"i":{"x":[0.667],"y":[1]},"o":{"x":[0.333],"y":[0]},"t":7.684,"s":[100]},{"i":{"x":[0.667],"y":[1]},"o":{"x":[0.333],"y":[0]},"t":16.025,"s":[70]},{"i":{"x":[0.667],"y":[1]},"o":{"x":[0.333],"y":[0]},"t":24.367,"s":[100]},{"t":37,"s":[70]}]},"o":{"a":0,"k":0},"m":1,"nm":"T"}],"ip":0,"op":37,"st":-12},{"ind":37,"ty":4,"nm":"W","sr":1,"ks":{"o":{"a":0,"k":100},"r":{"a":0,"k":0},"p":{"a":0,"k":[504,24.5,0]},"a":{"a":0,"k":[125,125,0]},"s":{"a":0,"k":[31,31,100]}},"ao":0,"shapes":[{"ty":"gr","it":[{"ind":0,"ty":"sh","ks":{"a":0,"k":{"i":[[0,0],[0,0]],"o":[[0,0],[0,0]],"v":[[231.833,108.944],[231.833,144.944]],"c":false}},"nm":"P"},{"ty":"st","c":{"a":0,"k":[0.4,0.392,0.725,1]},"o":{"a":0,"k":100},"w":{"a":0,"k":10},"lc":2,"lj":1,"ml":10,"nm":"S"},{"ty":"tr","p":{"a":0,"k":[0,0]},"a":{"a":0,"k":[0,0]},"s":{"a":0,"k":[100,100]},"r":{"a":0,"k":0},"o":{"a":0,"k":100},"sk":{"a":0,"k":0},"sa":{"a":0,"k":0},"nm":"T"}],"nm":"G"},{"ty":"tm","s":{"a":1,"k":[{"i":{"x":[0.5],"y":[1]},"o":{"x":[0.5],"y":[0]},"t":-2,"s":[30]},{"i":{"x":[0.5],"y":[1]},"o":{"x":[0.5],"y":[0]},"t":7.684,"s":[0]},{"i":{"x":[0.5],"y":[1]},"o":{"x":[0.5],"y":[0]},"t":16.025,"s":[30]},{"i":{"x":[0.5],"y":[1]},"o":{"x":[0.5],"y":[0]},"t":24.367,"s":[0]},{"t":37,"s":[30]}]},"e":{"a":1,"k":[{"i":{"x":[0.667],"y":[1]},"o":{"x":[0.333],"y":[0]},"t":-2,"s":[70]},{"i":{"x":[0.667],"y":[1]},"o":{"x":[0.333],"y":[0]},"t":7.684,"s":[100]},{"i":{"x":[0.667],"y":[1]},"o":{"x":[0.333],"y":[0]},"t":16.025,"s":[70]},{"i":{"x":[0.667],"y":[1]},"o":{"x":[0.333],"y":[0]},"t":24.367,"s":[100]},{"t":37,"s":[70]}]},"o":{"a":0,"k":0},"m":1,"nm":"T"}],"ip":0,"op":37,"st":-12},{"ind":38,"ty":4,"nm":"W","sr":1,"ks":{"o":{"a":0,"k":100},"r":{"a":0,"k":0},"p":{"a":0,"k":[213,24.5,0]},"a":{"a":0,"k":[125,125,0]},"s":{"a":0,"k":[31,31,100]}},"ao":0,"shapes":[{"ty":"gr","it":[{"ind":0,"ty":"sh","ks":{"a":0,"k":{"i":[[0,0],[0,0]],"o":[[0,0],[0,0]],"v":[[231.833,108.944],[231.833,144.944]],"c":false}},"nm":"P"},{"ty":"st","c":{"a":0,"k":[0.4,0.392,0.725,1]},"o":{"a":0,"k":100},"w":{"a":0,"k":10},"lc":2,"lj":1,"ml":10,"nm":"S"},{"ty":"tr","p":{"a":0,"k":[0,0]},"a":{"a":0,"k":[0,0]},"s":{"a":0,"k":[100,100]},"r":{"a":0,"k":0},"o":{"a":0,"k":100},"sk":{"a":0,"k":0},"sa":{"a":0,"k":0},"nm":"T"}],"nm":"G"},{"ty":"tm","s":{"a":1,"k":[{"i":{"x":[0.5],"y":[1]},"o":{"x":[0.5],"y":[0]},"t":-2,"s":[30]},{"i":{"x":[0.5],"y":[1]},"o":{"x":[0.5],"y":[0]},"t":7.684,"s":[0]},{"i":{"x":[0.5],"y":[1]},"o":{"x":[0.5],"y":[0]},"t":16.025,"s":[30]},{"i":{"x":[0.5],"y":[1]},"o":{"x":[0.5],"y":[0]},"t":24.367,"s":[0]},{"t":37,"s":[30]}]},"e":{"a":1,"k":[{"i":{"x":[0.667],"y":[1]},"o":{"x":[0.333],"y":[0]},"t":-2,"s":[70]},{"i":{"x":[0.667],"y":[1]},"o":{"x":[0.333],"y":[0]},"t":7.684,"s":[100]},{"i":{"x":[0.667],"y":[1]},"o":{"x":[0.333],"y":[0]},"t":16.025,"s":[70]},{"i":{"x":[0.667],"y":[1]},"o":{"x":[0.333],"y":[0]},"t":24.367,"s":[100]},{"t":37,"s":[70]}]},"o":{"a":0,"k":0},"m":1,"nm":"T"}],"ip":0,"op":37,"st":-12},{"ind":39,"ty":4,"nm":"W","sr":1,"ks":{"o":{"a":0,"k":100},"r":{"a":0,"k":0},"p":{"a":0,"k":[288,24.5,0]},"a":{"a":0,"k":[125,125,0]},"s":{"a":0,"k":[31,31,100]}},"ao":0,"shapes":[{"ty":"gr","it":[{"ind":0,"ty":"sh","ks":{"a":0,"k":{"i":[[0,0],[0,0]],"o":[[0,0],[0,0]],"v":[[30.833,99.444],[30.833,154.444]],"c":false}},"nm":"P"},{"ty":"st","c":{"a":0,"k":[0.4,0.392,0.725,1]},"o":{"a":0,"k":100},"w":{"a":0,"k":10},"lc":2,"lj":1,"ml":10,"nm":"S"},{"ty":"tr","p":{"a":0,"k":[0,0]},"a":{"a":0,"k":[0,0]},"s":{"a":0,"k":[100,100]},"r":{"a":0,"k":0},"o":{"a":0,"k":100},"sk":{"a":0,"k":0},"sa":{"a":0,"k":0},"nm":"T"}],"nm":"G"},{"ty":"tm","s":{"a":1,"k":[{"i":{"x":[0.5],"y":[1]},"o":{"x":[0.5],"y":[0]},"t":1,"s":[20]},{"i":{"x":[0.5],"y":[1]},"o":{"x":[0.5],"y":[0]},"t":11.854,"s":[0]},{"i":{"x":[0.5],"y":[1]},"o":{"x":[0.5],"y":[0]},"t":20.196,"s":[20]},{"i":{"x":[0.5],"y":[1]},"o":{"x":[0.5],"y":[0]},"t":28.537,"s":[0]},{"t":37,"s":[20]}]},"e":{"a":1,"k":[{"i":{"x":[0.667],"y":[1]},"o":{"x":[0.333],"y":[0]},"t":-2,"s":[80]},{"i":{"x":[0.667],"y":[1]},"o":{"x":[0.333],"y":[0]},"t":11.854,"s":[100]},{"i":{"x":[0.667],"y":[1]},"o":{"x":[0.333],"y":[0]},"t":20.196,"s":[80]},{"i":{"x":[0.667],"y":[1]},"o":{"x":[0.333],"y":[0]},"t":28.537,"s":[100]},{"t":37,"s":[80]}]},"o":{"a":0,"k":0},"m":1,"nm":"T"}],"ip":0,"op":37,"st":-12},{"ind":40,"ty":4,"nm":"W","sr":1,"ks":{"o":{"a":0,"k":100},"r":{"a":0,"k":0},"p":{"a":0,"k":[240,24.5,0]},"a":{"a":0,"k":[125,125,0]},"s":{"a":0,"k":[31,31,100]}},"ao":0,"shapes":[{"ty":"gr","it":[{"ind":0,"ty":"sh","ks":{"a":0,"k":{"i":[[0,0],[0,0]],"o":[[0,0],[0,0]],"v":[[231.833,108.944],[231.833,144.944]],"c":false}},"nm":"P"},{"ty":"st","c":{"a":0,"k":[0.4,0.392,0.725,1]},"o":{"a":0,"k":100},"w":{"a":0,"k":10},"lc":2,"lj":1,"ml":10,"nm":"S"},{"ty":"tr","p":{"a":0,"k":[0,0]},"a":{"a":0,"k":[0,0]},"s":{"a":0,"k":[100,100]},"r":{"a":0,"k":0},"o":{"a":0,"k":100},"sk":{"a":0,"k":0},"sa":{"a":0,"k":0},"nm":"T"}],"nm":"G"},{"ty":"tm","s":{"a":1,"k":[{"i":{"x":[0.5],"y":[1]},"o":{"x":[0.5],"y":[0]},"t":-2,"s":[30]},{"i":{"x":[0.5],"y":[1]},"o":{"x":[0.5],"y":[0]},"t":7.684,"s":[0]},{"i":{"x":[0.5],"y":[1]},"o":{"x":[0.5],"y":[0]},"t":16.025,"s":[30]},{"i":{"x":[0.5],"y":[1]},"o":{"x":[0.5],"y":[0]},"t":24.367,"s":[0]},{"t":37,"s":[30]}]},"e":{"a":1,"k":[{"i":{"x":[0.667],"y":[1]},"o":{"x":[0.333],"y":[0]},"t":-2,"s":[70]},{"i":{"x":[0.667],"y":[1]},"o":{"x":[0.333],"y":[0]},"t":7.684,"s":[100]},{"i":{"x":[0.667],"y":[1]},"o":{"x":[0.333],"y":[0]},"t":16.025,"s":[70]},{"i":{"x":[0.667],"y":[1]},"o":{"x":[0.333],"y":[0]},"t":24.367,"s":[100]},{"t":37,"s":[70]}]},"o":{"a":0,"k":0},"m":1,"nm":"T"}],"ip":0,"op":37,"st":-12},{"ind":41,"ty":4,"nm":"W","sr":1,"ks":{"o":{"a":0,"k":100},"r":{"a":0,"k":0},"p":{"a":0,"k":[253,24.5,0]},"a":{"a":0,"k":[125,125,0]},"s":{"a":0,"k":[31,31,100]}},"ao":0,"shapes":[{"ty":"gr","it":[{"ind":0,"ty":"sh","ks":{"a":0,"k":{"i":[[0,0],[0,0]],"o":[[0,0],[0,0]],"v":[[231.833,108.944],[231.833,144.944]],"c":false}},"nm":"P"},{"ty":"st","c":{"a":0,"k":[0.4,0.392,0.725,1]},"o":{"a":0,"k":100},"w":{"a":0,"k":10},"lc":2,"lj":1,"ml":10,"nm":"S"},{"ty":"tr","p":{"a":0,"k":[0,0]},"a":{"a":0,"k":[0,0]},"s":{"a":0,"k":[100,100]},"r":{"a":0,"k":0},"o":{"a":0,"k":100},"sk":{"a":0,"k":0},"sa":{"a":0,"k":0},"nm":"T"}],"nm":"G"},{"ty":"tm","s":{"a":1,"k":[{"i":{"x":[0.5],"y":[1]},"o":{"x":[0.5],"y":[0]},"t":-2,"s":[30]},{"i":{"x":[0.5],"y":[1]},"o":{"x":[0.5],"y":[0]},"t":7.684,"s":[0]},{"i":{"x":[0.5],"y":[1]},"o":{"x":[0.5],"y":[0]},"t":16.025,"s":[30]},{"i":{"x":[0.5],"y":[1]},"o":{"x":[0.5],"y":[0]},"t":24.367,"s":[0]},{"t":37,"s":[30]}]},"e":{"a":1,"k":[{"i":{"x":[0.667],"y":[1]},"o":{"x":[0.333],"y":[0]},"t":-2,"s":[70]},{"i":{"x":[0.667],"y":[1]},"o":{"x":[0.333],"y":[0]},"t":7.684,"s":[100]},{"i":{"x":[0.667],"y":[1]},"o":{"x":[0.333],"y":[0]},"t":16.025,"s":[70]},{"i":{"x":[0.667],"y":[1]},"o":{"x":[0.333],"y":[0]},"t":24.367,"s":[100]},{"t":37,"s":[70]}]},"o":{"a":0,"k":0},"m":1,"nm":"T"}],"ip":0,"op":37,"st":-12},{"ind":42,"ty":4,"nm":"W","sr":1,"ks":{"o":{"a":0,"k":100},"r":{"a":0,"k":0},"p":{"a":0,"k":[483,24.5,0]},"a":{"a":0,"k":[125,125,0]},"s":{"a":0,"k":[31,31,100]}},"ao":0,"shapes":[{"ty":"gr","it":[{"ind":0,"ty":"sh","ks":{"a":0,"k":{"i":[[0,0],[0,0]],"o":[[0,0],[0,0]],"v":[[30.833,99.444],[30.833,154.444]],"c":false}},"nm":"P"},{"ty":"st","c":{"a":0,"k":[0.4,0.392,0.725,1]},"o":{"a":0,"k":100},"w":{"a":0,"k":10},"lc":2,"lj":1,"ml":10,"nm":"S"},{"ty":"tr","p":{"a":0,"k":[0,0]},"a":{"a":0,"k":[0,0]},"s":{"a":0,"k":[100,100]},"r":{"a":0,"k":0},"o":{"a":0,"k":100},"sk":{"a":0,"k":0},"sa":{"a":0,"k":0},"nm":"T"}],"nm":"G"},{"ty":"tm","s":{"a":1,"k":[{"i":{"x":[0.5],"y":[1]},"o":{"x":[0.5],"y":[0]},"t":1,"s":[20]},{"i":{"x":[0.5],"y":[1]},"o":{"x":[0.5],"y":[0]},"t":11.854,"s":[0]},{"i":{"x":[0.5],"y":[1]},"o":{"x":[0.5],"y":[0]},"t":20.196,"s":[20]},{"i":{"x":[0.5],"y":[1]},"o":{"x":[0.5],"y":[0]},"t":28.537,"s":[0]},{"t":37,"s":[20]}]},"e":{"a":1,"k":[{"i":{"x":[0.667],"y":[1]},"o":{"x":[0.333],"y":[0]},"t":-2,"s":[80]},{"i":{"x":[0.667],"y":[1]},"o":{"x":[0.333],"y":[0]},"t":11.854,"s":[100]},{"i":{"x":[0.667],"y":[1]},"o":{"x":[0.333],"y":[0]},"t":20.196,"s":[80]},{"i":{"x":[0.667],"y":[1]},"o":{"x":[0.333],"y":[0]},"t":28.537,"s":[100]},{"t":37,"s":[80]}]},"o":{"a":0,"k":0},"m":1,"nm":"T"}],"ip":0,"op":37,"st":-12},{"ind":43,"ty":4,"nm":"W","sr":1,"ks":{"o":{"a":0,"k":100},"r":{"a":0,"k":0},"p":{"a":0,"k":[435,24.5,0]},"a":{"a":0,"k":[125,125,0]},"s":{"a":0,"k":[31,31,100]}},"ao":0,"shapes":[{"ty":"gr","it":[{"ind":0,"ty":"sh","ks":{"a":0,"k":{"i":[[0,0],[0,0]],"o":[[0,0],[0,0]],"v":[[231.833,108.944],[231.833,144.944]],"c":false}},"nm":"P"},{"ty":"st","c":{"a":0,"k":[0.4,0.392,0.725,1]},"o":{"a":0,"k":100},"w":{"a":0,"k":10},"lc":2,"lj":1,"ml":10,"nm":"S"},{"ty":"tr","p":{"a":0,"k":[0,0]},"a":{"a":0,"k":[0,0]},"s":{"a":0,"k":[100,100]},"r":{"a":0,"k":0},"o":{"a":0,"k":100},"sk":{"a":0,"k":0},"sa":{"a":0,"k":0},"nm":"T"}],"nm":"G"},{"ty":"tm","s":{"a":1,"k":[{"i":{"x":[0.5],"y":[1]},"o":{"x":[0.5],"y":[0]},"t":-2,"s":[30]},{"i":{"x":[0.5],"y":[1]},"o":{"x":[0.5],"y":[0]},"t":7.684,"s":[0]},{"i":{"x":[0.5],"y":[1]},"o":{"x":[0.5],"y":[0]},"t":16.025,"s":[30]},{"i":{"x":[0.5],"y":[1]},"o":{"x":[0.5],"y":[0]},"t":24.367,"s":[0]},{"t":37,"s":[30]}]},"e":{"a":1,"k":[{"i":{"x":[0.667],"y":[1]},"o":{"x":[0.333],"y":[0]},"t":-2,"s":[70]},{"i":{"x":[0.667],"y":[1]},"o":{"x":[0.333],"y":[0]},"t":7.684,"s":[100]},{"i":{"x":[0.667],"y":[1]},"o":{"x":[0.333],"y":[0]},"t":16.025,"s":[70]},{"i":{"x":[0.667],"y":[1]},"o":{"x":[0.333],"y":[0]},"t":24.367,"s":[100]},{"t":37,"s":[70]}]},"o":{"a":0,"k":0},"m":1,"nm":"T"}],"ip":0,"op":37,"st":-12},{"ind":44,"ty":4,"nm":"W","sr":1,"ks":{"o":{"a":0,"k":100},"r":{"a":0,"k":0},"p":{"a":0,"k":[448,24.5,0]},"a":{"a":0,"k":[125,125,0]},"s":{"a":0,"k":[31,31,100]}},"ao":0,"shapes":[{"ty":"gr","it":[{"ind":0,"ty":"sh","ks":{"a":0,"k":{"i":[[0,0],[0,0]],"o":[[0,0],[0,0]],"v":[[231.833,108.944],[231.833,144.944]],"c":false}},"nm":"P"},{"ty":"st","c":{"a":0,"k":[0.4,0.392,0.725,1]},"o":{"a":0,"k":100},"w":{"a":0,"k":10},"lc":2,"lj":1,"ml":10,"nm":"S"},{"ty":"tr","p":{"a":0,"k":[0,0]},"a":{"a":0,"k":[0,0]},"s":{"a":0,"k":[100,100]},"r":{"a":0,"k":0},"o":{"a":0,"k":100},"sk":{"a":0,"k":0},"sa":{"a":0,"k":0},"nm":"T"}],"nm":"G"},{"ty":"tm","s":{"a":1,"k":[{"i":{"x":[0.5],"y":[1]},"o":{"x":[0.5],"y":[0]},"t":-2,"s":[30]},{"i":{"x":[0.5],"y":[1]},"o":{"x":[0.5],"y":[0]},"t":7.684,"s":[0]},{"i":{"x":[0.5],"y":[1]},"o":{"x":[0.5],"y":[0]},"t":16.025,"s":[30]},{"i":{"x":[0.5],"y":[1]},"o":{"x":[0.5],"y":[0]},"t":24.367,"s":[0]},{"t":37,"s":[30]}]},"e":{"a":1,"k":[{"i":{"x":[0.667],"y":[1]},"o":{"x":[0.333],"y":[0]},"t":-2,"s":[70]},{"i":{"x":[0.667],"y":[1]},"o":{"x":[0.333],"y":[0]},"t":7.684,"s":[100]},{"i":{"x":[0.667],"y":[1]},"o":{"x":[0.333],"y":[0]},"t":16.025,"s":[70]},{"i":{"x":[0.667],"y":[1]},"o":{"x":[0.333],"y":[0]},"t":24.367,"s":[100]},{"t":37,"s":[70]}]},"o":{"a":0,"k":0},"m":1,"nm":"T"}],"ip":0,"op":37,"st":-12}],"markers":[]}